Installation,Type,Source,Indicator,Value,Resolution,set,Set
LAS MOLLACAS,deseasonalized,ERA5-Land,pearson,0.5253118019305115,Hourly,subset_2,S2
LUNA DEL NORTE,deseasonalized,ERA5-Land,pearson,0.7801451270891921,Hourly,subset_2,S2
SOL DEL NORTE,deseasonalized,ERA5-Land,pearson,0.7803818885285716,Hourly,subset_2,S2
SOLAR PSF LOMAS COLORADAS,deseasonalized,ERA5-Land,pearson,0.7877334039192448,Hourly,subset_2,S2
SOLAR SANTA CECILIA,deseasonalized,ERA5-Land,pearson,0.7314110291586691,Hourly,subset_2,S2
SPS LA HUAYCA,deseasonalized,ERA5-Land,pearson,0.8474674831128745,Hourly,subset_2,S2
LAS MOLLACAS,deseasonalized,Rn,pearson,0.4578720277223896,Hourly,subset_2,S2
LUNA DEL NORTE,deseasonalized,Rn,pearson,0.7441992675741104,Hourly,subset_2,S2
SOL DEL NORTE,deseasonalized,Rn,pearson,0.7365936538086925,Hourly,subset_2,S2
SOLAR PSF LOMAS COLORADAS,deseasonalized,Rn,pearson,0.7524330386349322,Hourly,subset_2,S2
SOLAR SANTA CECILIA,deseasonalized,Rn,pearson,0.7289739845413038,Hourly,subset_2,S2
SPS LA HUAYCA,deseasonalized,Rn,pearson,0.8400994408183107,Hourly,subset_2,S2
LAS MOLLACAS,deseasonalized,ERA5-Land,mbe,0.045317203000803434,Hourly,subset_2,S2
LUNA DEL NORTE,deseasonalized,ERA5-Land,mbe,-0.021172075765082805,Hourly,subset_2,S2
SOL DEL NORTE,deseasonalized,ERA5-Land,mbe,-0.024595842711730254,Hourly,subset_2,S2
SOLAR PSF LOMAS COLORADAS,deseasonalized,ERA5-Land,mbe,0.019956235553918972,Hourly,subset_2,S2
SOLAR SANTA CECILIA,deseasonalized,ERA5-Land,mbe,0.008426535922134276,Hourly,subset_2,S2
SPS LA HUAYCA,deseasonalized,ERA5-Land,mbe,0.004087019410476045,Hourly,subset_2,S2
LAS MOLLACAS,deseasonalized,Rn,mbe,0.04962846259472244,Hourly,subset_2,S2
LUNA DEL NORTE,deseasonalized,Rn,mbe,0.05025231548246501,Hourly,subset_2,S2
SOL DEL NORTE,deseasonalized,Rn,mbe,0.04676007869850456,Hourly,subset_2,S2
SOLAR PSF LOMAS COLORADAS,deseasonalized,Rn,mbe,0.04191482750744789,Hourly,subset_2,S2
SOLAR SANTA CECILIA,deseasonalized,Rn,mbe,0.03484472454459064,Hourly,subset_2,S2
SPS LA HUAYCA,deseasonalized,Rn,mbe,0.006105972251746701,Hourly,subset_2,S2
LAS MOLLACAS,deseasonalized,ERA5-Land,rmse,0.17074727417227129,Hourly,subset_2,S2
LUNA DEL NORTE,deseasonalized,ERA5-Land,rmse,0.1173825278134357,Hourly,subset_2,S2
SOL DEL NORTE,deseasonalized,ERA5-Land,rmse,0.11849611658977503,Hourly,subset_2,S2
SOLAR PSF LOMAS COLORADAS,deseasonalized,ERA5-Land,rmse,0.1155275085249886,Hourly,subset_2,S2
SOLAR SANTA CECILIA,deseasonalized,ERA5-Land,rmse,0.1323781810975676,Hourly,subset_2,S2
SPS LA HUAYCA,deseasonalized,ERA5-Land,rmse,0.08422149182946909,Hourly,subset_2,S2
LAS MOLLACAS,deseasonalized,Rn,rmse,0.17666516548962438,Hourly,subset_2,S2
LUNA DEL NORTE,deseasonalized,Rn,rmse,0.12863044589508715,Hourly,subset_2,S2
SOL DEL NORTE,deseasonalized,Rn,rmse,0.12958789692195685,Hourly,subset_2,S2
SOLAR PSF LOMAS COLORADAS,deseasonalized,Rn,rmse,0.12253587825501037,Hourly,subset_2,S2
SOLAR SANTA CECILIA,deseasonalized,Rn,rmse,0.13569490835164014,Hourly,subset_2,S2
SPS LA HUAYCA,deseasonalized,Rn,rmse,0.0807970690448146,Hourly,subset_2,S2
LAS MOLLACAS,deseasonalized,ERA5-Land,pearson,0.7284794883706593,Daily,subset_2,S2
LUNA DEL NORTE,deseasonalized,ERA5-Land,pearson,0.8755289023815622,Daily,subset_2,S2
SOL DEL NORTE,deseasonalized,ERA5-Land,pearson,0.8738157687976145,Daily,subset_2,S2
SOLAR PSF LOMAS COLORADAS,deseasonalized,ERA5-Land,pearson,0.9033079919348534,Daily,subset_2,S2
SOLAR SANTA CECILIA,deseasonalized,ERA5-Land,pearson,0.8315417618357656,Daily,subset_2,S2
SPS LA HUAYCA,deseasonalized,ERA5-Land,pearson,0.9120001151786152,Daily,subset_2,S2
LAS MOLLACAS,deseasonalized,Rn,pearson,0.6860787593837322,Daily,subset_2,S2
LUNA DEL NORTE,deseasonalized,Rn,pearson,0.8200811566053448,Daily,subset_2,S2
SOL DEL NORTE,deseasonalized,Rn,pearson,0.8108216643913909,Daily,subset_2,S2
SOLAR PSF LOMAS COLORADAS,deseasonalized,Rn,pearson,0.83846004732232,Daily,subset_2,S2
SOLAR SANTA CECILIA,deseasonalized,Rn,pearson,0.7946053675280066,Daily,subset_2,S2
SPS LA HUAYCA,deseasonalized,Rn,pearson,0.8757966809683423,Daily,subset_2,S2
LAS MOLLACAS,deseasonalized,ERA5-Land,mbe,0.048505297397769515,Daily,subset_2,S2
LUNA DEL NORTE,deseasonalized,ERA5-Land,mbe,-0.018145797598627788,Daily,subset_2,S2
SOL DEL NORTE,deseasonalized,ERA5-Land,mbe,-0.021551148409893993,Daily,subset_2,S2
SOLAR PSF LOMAS COLORADAS,deseasonalized,ERA5-Land,mbe,0.02162704207920792,Daily,subset_2,S2
SOLAR SANTA CECILIA,deseasonalized,ERA5-Land,mbe,0.009592040694195095,Daily,subset_2,S2
SPS LA HUAYCA,deseasonalized,ERA5-Land,mbe,0.004838700823421776,Daily,subset_2,S2
LAS MOLLACAS,deseasonalized,Rn,mbe,0.05287369888475836,Daily,subset_2,S2
LUNA DEL NORTE,deseasonalized,Rn,mbe,0.05360077186963979,Daily,subset_2,S2
SOL DEL NORTE,deseasonalized,Rn,mbe,0.050013780918727914,Daily,subset_2,S2
SOLAR PSF LOMAS COLORADAS,deseasonalized,Rn,mbe,0.04459566831683168,Daily,subset_2,S2
SOLAR SANTA CECILIA,deseasonalized,Rn,mbe,0.03626923997606224,Daily,subset_2,S2
SPS LA HUAYCA,deseasonalized,Rn,mbe,0.006986184812442817,Daily,subset_2,S2
LAS MOLLACAS,deseasonalized,ERA5-Land,rmse,0.10046555953368476,Daily,subset_2,S2
LUNA DEL NORTE,deseasonalized,ERA5-Land,rmse,0.06866577566630933,Daily,subset_2,S2
SOL DEL NORTE,deseasonalized,ERA5-Land,rmse,0.07056141555924443,Daily,subset_2,S2
SOLAR PSF LOMAS COLORADAS,deseasonalized,ERA5-Land,rmse,0.06337906962542254,Daily,subset_2,S2
SOLAR SANTA CECILIA,deseasonalized,ERA5-Land,rmse,0.07348328139871464,Daily,subset_2,S2
SPS LA HUAYCA,deseasonalized,ERA5-Land,rmse,0.04190614759024556,Daily,subset_2,S2
LAS MOLLACAS,deseasonalized,Rn,rmse,0.10823354631687505,Daily,subset_2,S2
LUNA DEL NORTE,deseasonalized,Rn,rmse,0.09364576501538831,Daily,subset_2,S2
SOL DEL NORTE,deseasonalized,Rn,rmse,0.09361456360756391,Daily,subset_2,S2
SOLAR PSF LOMAS COLORADAS,deseasonalized,Rn,rmse,0.0877623374306264,Daily,subset_2,S2
SOLAR SANTA CECILIA,deseasonalized,Rn,rmse,0.08846278017878426,Daily,subset_2,S2
SPS LA HUAYCA,deseasonalized,Rn,rmse,0.05011682153278426,Daily,subset_2,S2
LAS MOLLACAS,deseasonalized,ERA5-Land,pearson,0.9607505411220381,Monthly,subset_2,S2
LUNA DEL NORTE,deseasonalized,ERA5-Land,pearson,0.9552127659343836,Monthly,subset_2,S2
SOL DEL NORTE,deseasonalized,ERA5-Land,pearson,0.9647944180439834,Monthly,subset_2,S2
SOLAR PSF LOMAS COLORADAS,deseasonalized,ERA5-Land,pearson,0.9628951238955075,Monthly,subset_2,S2
SOLAR SANTA CECILIA,deseasonalized,ERA5-Land,pearson,0.951731528761607,Monthly,subset_2,S2
SPS LA HUAYCA,deseasonalized,ERA5-Land,pearson,0.9765474893683724,Monthly,subset_2,S2
LAS MOLLACAS,deseasonalized,Rn,pearson,0.9482755649838293,Monthly,subset_2,S2
LUNA DEL NORTE,deseasonalized,Rn,pearson,0.9471310225436056,Monthly,subset_2,S2
SOL DEL NORTE,deseasonalized,Rn,pearson,0.9597942933719501,Monthly,subset_2,S2
SOLAR PSF LOMAS COLORADAS,deseasonalized,Rn,pearson,0.9396286001590969,Monthly,subset_2,S2
SOLAR SANTA CECILIA,deseasonalized,Rn,pearson,0.9526402212962947,Monthly,subset_2,S2
SPS LA HUAYCA,deseasonalized,Rn,pearson,0.9857248962756218,Monthly,subset_2,S2
LAS MOLLACAS,deseasonalized,ERA5-Land,mbe,0.10756249999999999,Monthly,subset_2,S2
LUNA DEL NORTE,deseasonalized,ERA5-Land,mbe,-0.043062500000000004,Monthly,subset_2,S2
SOL DEL NORTE,deseasonalized,ERA5-Land,mbe,-0.05714374999999999,Monthly,subset_2,S2
SOLAR PSF LOMAS COLORADAS,deseasonalized,ERA5-Land,mbe,0.07429375000000002,Monthly,subset_2,S2
SOLAR SANTA CECILIA,deseasonalized,ERA5-Land,mbe,0.02920624999999999,Monthly,subset_2,S2
SPS LA HUAYCA,deseasonalized,ERA5-Land,mbe,0.009706250000000003,Monthly,subset_2,S2
LAS MOLLACAS,deseasonalized,Rn,mbe,0.11708749999999998,Monthly,subset_2,S2
LUNA DEL NORTE,deseasonalized,Rn,mbe,0.13648749999999998,Monthly,subset_2,S2
SOL DEL NORTE,deseasonalized,Rn,mbe,0.11691250000000002,Monthly,subset_2,S2
SOLAR PSF LOMAS COLORADAS,deseasonalized,Rn,mbe,0.14909375,Monthly,subset_2,S2
SOLAR SANTA CECILIA,deseasonalized,Rn,mbe,0.123975,Monthly,subset_2,S2
SPS LA HUAYCA,deseasonalized,Rn,mbe,0.014100000000000001,Monthly,subset_2,S2
LAS MOLLACAS,deseasonalized,ERA5-Land,rmse,0.08256733615661825,Monthly,subset_2,S2
LUNA DEL NORTE,deseasonalized,ERA5-Land,rmse,0.06182889696573925,Monthly,subset_2,S2
SOL DEL NORTE,deseasonalized,ERA5-Land,rmse,0.0650260476655317,Monthly,subset_2,S2
SOLAR PSF LOMAS COLORADAS,deseasonalized,ERA5-Land,rmse,0.06336193159145323,Monthly,subset_2,S2
SOLAR SANTA CECILIA,deseasonalized,ERA5-Land,rmse,0.05746207988752234,Monthly,subset_2,S2
SPS LA HUAYCA,deseasonalized,ERA5-Land,rmse,0.028337949378880612,Monthly,subset_2,S2
LAS MOLLACAS,deseasonalized,Rn,rmse,0.08964569147482775,Monthly,subset_2,S2
LUNA DEL NORTE,deseasonalized,Rn,rmse,0.10219785345103878,Monthly,subset_2,S2
SOL DEL NORTE,deseasonalized,Rn,rmse,0.09077756468423243,Monthly,subset_2,S2
SOLAR PSF LOMAS COLORADAS,deseasonalized,Rn,rmse,0.10056409336835886,Monthly,subset_2,S2
SOLAR SANTA CECILIA,deseasonalized,Rn,rmse,0.08630410621749117,Monthly,subset_2,S2
SPS LA HUAYCA,deseasonalized,Rn,rmse,0.02315534495532295,Monthly,subset_2,S2
ANDES SOLAR,Raw,ERA5-Land,pearson,0.7974282424835166,Hourly,subset_1,S1
BELLAVISTA,Raw,ERA5-Land,pearson,0.7674961297209879,Hourly,all,All
CARRERA PINTO ETAPA I,Raw,ERA5-Land,pearson,0.6148117654224342,Hourly,all,All
CHANARES,Raw,ERA5-Land,pearson,0.738582963149102,Hourly,all,All
CONEJO SOLAR,Raw,ERA5-Land,pearson,0.6682640394215617,Hourly,all,All
CORDILLERILLA,Raw,ERA5-Land,pearson,0.7610849470809814,Hourly,all,All
EL DIVISADERO,Raw,ERA5-Land,pearson,0.7362220450747002,Hourly,all,All
FV BOLERO,Raw,ERA5-Land,pearson,0.7826702891546229,Hourly,all,All
LA CHAPEANA,Raw,ERA5-Land,pearson,0.7785145320077007,Hourly,subset_1,S1
LA QUINTA SOLAR,Raw,ERA5-Land,pearson,0.7794418526426778,Hourly,subset_1,S1
LALACKAMA,Raw,ERA5-Land,pearson,0.6894889384530316,Hourly,subset_1,S1
LALACKAMA 2,Raw,ERA5-Land,pearson,0.6775511747606482,Hourly,subset_1,S1
LAS ARAUCARIAS,Raw,ERA5-Land,pearson,0.8410778319481784,Hourly,subset_1,S1
LAS MOLLACAS,Raw,ERA5-Land,pearson,0.8748924006593395,Hourly,subset_2,S2
LAS TURCAS,Raw,ERA5-Land,pearson,0.7373120660103041,Hourly,all,All
LOS PUQUIOS,Raw,ERA5-Land,pearson,0.8566104960341372,Hourly,all,All
LUNA DEL NORTE,Raw,ERA5-Land,pearson,0.93077880697099,Hourly,subset_2,S2
LUZ DEL NORTE,Raw,ERA5-Land,pearson,0.6311529235427535,Hourly,all,All
MARIA ELENA FV,Raw,ERA5-Land,pearson,0.8228285356420268,Hourly,subset_1,S1
PAMPA SOLAR NORTE,Raw,ERA5-Land,pearson,0.6812945146252757,Hourly,all,All
PARQUE SOLAR CUZ CUZ,Raw,ERA5-Land,pearson,0.8006098397236785,Hourly,all,All
PARQUE SOLAR FINIS TERRAE,Raw,ERA5-Land,pearson,0.7593626140895499,Hourly,all,All
PARQUE SOLAR PAMPA CAMARONES,Raw,ERA5-Land,pearson,0.7892052531755778,Hourly,all,All
PFV LAGUNILLA,Raw,ERA5-Land,pearson,0.7657779096689175,Hourly,all,All
PFV LOS LOROS,Raw,ERA5-Land,pearson,0.8435114825535514,Hourly,all,All
PILOTO SOLAR CARDONES,Raw,ERA5-Land,pearson,0.5634243475318533,Hourly,subset_1,S1
PLANTA PV CERRO DOMINADOR,Raw,ERA5-Land,pearson,0.7466488098721713,Hourly,all,All
PMGD PICA PILOT,Raw,ERA5-Land,pearson,0.6307039663363867,Hourly,all,All
PUERTO SECO SOLAR,Raw,ERA5-Land,pearson,0.8034337737232652,Hourly,subset_1,S1
PV SALVADOR,Raw,ERA5-Land,pearson,0.6955740684063131,Hourly,all,All
QUILAPILUN,Raw,ERA5-Land,pearson,0.7766043524844586,Hourly,all,All
SAN FRANCISCO SOLAR,Raw,ERA5-Land,pearson,0.7739996512656163,Hourly,subset_1,S1
SANTA JULIA,Raw,ERA5-Land,pearson,0.7778489878076894,Hourly,subset_1,S1
SDGX01,Raw,ERA5-Land,pearson,0.8431734127879961,Hourly,all,All
SOL DEL NORTE,Raw,ERA5-Land,pearson,0.931446924499078,Hourly,subset_2,S2
SOLAR ANTAY,Raw,ERA5-Land,pearson,0.9310233828455656,Hourly,all,All
SOLAR CHUCHINI,Raw,ERA5-Land,pearson,0.9330142607577832,Hourly,subset_1,S1
SOLAR DIEGO DE ALMAGRO,Raw,ERA5-Land,pearson,0.7995632705947792,Hourly,all,All
SOLAR EL AGUILA I,Raw,ERA5-Land,pearson,0.8817931465155577,Hourly,all,All
SOLAR EL ROMERO,Raw,ERA5-Land,pearson,0.7753892645537636,Hourly,all,All
SOLAR ESPERANZA,Raw,ERA5-Land,pearson,0.9155824693623548,Hourly,all,All
SOLAR HORMIGA,Raw,ERA5-Land,pearson,0.8587852967999241,Hourly,all,All
SOLAR JAMA 1,Raw,ERA5-Land,pearson,0.7891492218212964,Hourly,subset_1,S1
SOLAR JAMA 2,Raw,ERA5-Land,pearson,0.7918135539368404,Hourly,subset_1,S1
SOLAR JAVIERA,Raw,ERA5-Land,pearson,0.7103007221052487,Hourly,all,All
SOLAR LA SILLA,Raw,ERA5-Land,pearson,0.748599747223134,Hourly,all,All
SOLAR LAS TERRAZAS,Raw,ERA5-Land,pearson,0.7002346968259237,Hourly,all,All
SOLAR LLANO DE LLAMPOS,Raw,ERA5-Land,pearson,0.7695418860492326,Hourly,all,All
SOLAR PSF LOMAS COLORADAS,Raw,ERA5-Land,pearson,0.9378897400814772,Hourly,subset_2,S2
SOLAR SAN ANDRES,Raw,ERA5-Land,pearson,0.6931971745592348,Hourly,all,All
SOLAR SANTA CECILIA,Raw,ERA5-Land,pearson,0.9106928940387456,Hourly,subset_2,S2
SOLAR TECHOS ALTAMIRA,Raw,ERA5-Land,pearson,0.5699345247514546,Hourly,all,All
SPS LA HUAYCA,Raw,ERA5-Land,pearson,0.9686802926280526,Hourly,subset_2,S2
TAMBO REAL,Raw,ERA5-Land,pearson,0.7389578479828995,Hourly,all,All
TILTIL SOLAR,Raw,ERA5-Land,pearson,0.791095426609702,Hourly,subset_1,S1
URIBE SOLAR,Raw,ERA5-Land,pearson,0.7910151944083167,Hourly,subset_1,S1
VALLE DE LA LUNA II,Raw,ERA5-Land,pearson,0.7879769887055902,Hourly,subset_1,S1
ANDES SOLAR,Raw,ERA5-Land,mbe,-0.07289054521853165,Hourly,subset_1,S1
BELLAVISTA,Raw,ERA5-Land,mbe,0.08071645147114978,Hourly,all,All
CARRERA PINTO ETAPA I,Raw,ERA5-Land,mbe,0.08081650028869904,Hourly,all,All
CHANARES,Raw,ERA5-Land,mbe,0.0450880281461911,Hourly,all,All
CONEJO SOLAR,Raw,ERA5-Land,mbe,0.0013028404465799707,Hourly,all,All
CORDILLERILLA,Raw,ERA5-Land,mbe,-0.02015809481355673,Hourly,all,All
EL DIVISADERO,Raw,ERA5-Land,mbe,-0.13093487682569507,Hourly,all,All
FV BOLERO,Raw,ERA5-Land,mbe,-0.041425252155926115,Hourly,all,All
LA CHAPEANA,Raw,ERA5-Land,mbe,-0.023732917461375957,Hourly,subset_1,S1
LA QUINTA SOLAR,Raw,ERA5-Land,mbe,-0.06265375302156395,Hourly,subset_1,S1
LALACKAMA,Raw,ERA5-Land,mbe,-0.007019173165896653,Hourly,subset_1,S1
LALACKAMA 2,Raw,ERA5-Land,mbe,-3.538429702829448e-4,Hourly,subset_1,S1
LAS ARAUCARIAS,Raw,ERA5-Land,mbe,0.08479968966742515,Hourly,subset_1,S1
LAS MOLLACAS,Raw,ERA5-Land,mbe,0.04531720300080345,Hourly,subset_2,S2
LAS TURCAS,Raw,ERA5-Land,mbe,-0.0377375367029381,Hourly,all,All
LOS PUQUIOS,Raw,ERA5-Land,mbe,0.10782177671788408,Hourly,all,All
LUNA DEL NORTE,Raw,ERA5-Land,mbe,-0.021172075765082805,Hourly,subset_2,S2
LUZ DEL NORTE,Raw,ERA5-Land,mbe,0.012818386677009592,Hourly,all,All
MARIA ELENA FV,Raw,ERA5-Land,mbe,-0.1050079039456046,Hourly,subset_1,S1
PAMPA SOLAR NORTE,Raw,ERA5-Land,mbe,-0.026894443864706158,Hourly,all,All
PARQUE SOLAR CUZ CUZ,Raw,ERA5-Land,mbe,0.02336336150042102,Hourly,all,All
PARQUE SOLAR FINIS TERRAE,Raw,ERA5-Land,mbe,-0.03378647794223167,Hourly,all,All
PARQUE SOLAR PAMPA CAMARONES,Raw,ERA5-Land,mbe,-0.08090149924621183,Hourly,all,All
PFV LAGUNILLA,Raw,ERA5-Land,mbe,-0.05332867657177298,Hourly,all,All
PFV LOS LOROS,Raw,ERA5-Land,mbe,0.07319622207685789,Hourly,all,All
PILOTO SOLAR CARDONES,Raw,ERA5-Land,mbe,0.17840904440943553,Hourly,subset_1,S1
PLANTA PV CERRO DOMINADOR,Raw,ERA5-Land,mbe,-0.07477576734668989,Hourly,all,All
PMGD PICA PILOT,Raw,ERA5-Land,mbe,0.3461789336617991,Hourly,all,All
PUERTO SECO SOLAR,Raw,ERA5-Land,mbe,-0.2121964350271247,Hourly,subset_1,S1
PV SALVADOR,Raw,ERA5-Land,mbe,-0.032235465187183746,Hourly,all,All
QUILAPILUN,Raw,ERA5-Land,mbe,0.02395559829308222,Hourly,all,All
SAN FRANCISCO SOLAR,Raw,ERA5-Land,mbe,-0.0593424150522916,Hourly,subset_1,S1
SANTA JULIA,Raw,ERA5-Land,mbe,-0.04570105684818632,Hourly,subset_1,S1
SDGX01,Raw,ERA5-Land,mbe,-0.013861100117954805,Hourly,all,All
SOL DEL NORTE,Raw,ERA5-Land,mbe,-0.024595842711730254,Hourly,subset_2,S2
SOLAR ANTAY,Raw,ERA5-Land,mbe,-0.06752760966071318,Hourly,all,All
SOLAR CHUCHINI,Raw,ERA5-Land,mbe,0.04344582868664903,Hourly,subset_1,S1
SOLAR DIEGO DE ALMAGRO,Raw,ERA5-Land,mbe,0.12901600491761714,Hourly,all,All
SOLAR EL AGUILA I,Raw,ERA5-Land,mbe,0.03688398589685343,Hourly,all,All
SOLAR EL ROMERO,Raw,ERA5-Land,mbe,0.11802548259906667,Hourly,all,All
SOLAR ESPERANZA,Raw,ERA5-Land,mbe,0.05596254987778842,Hourly,all,All
SOLAR HORMIGA,Raw,ERA5-Land,mbe,0.06519427695251095,Hourly,all,All
SOLAR JAMA 1,Raw,ERA5-Land,mbe,-0.16312443147331404,Hourly,subset_1,S1
SOLAR JAMA 2,Raw,ERA5-Land,mbe,-0.11871416528630085,Hourly,subset_1,S1
SOLAR JAVIERA,Raw,ERA5-Land,mbe,0.02366647755117797,Hourly,all,All
SOLAR LA SILLA,Raw,ERA5-Land,mbe,-0.062125427009821516,Hourly,all,All
SOLAR LAS TERRAZAS,Raw,ERA5-Land,mbe,0.08542328409799127,Hourly,all,All
SOLAR LLANO DE LLAMPOS,Raw,ERA5-Land,mbe,-0.05170415057562158,Hourly,all,All
SOLAR PSF LOMAS COLORADAS,Raw,ERA5-Land,mbe,0.019956235553918983,Hourly,subset_2,S2
SOLAR SAN ANDRES,Raw,ERA5-Land,mbe,0.08738982017115463,Hourly,all,All
SOLAR SANTA CECILIA,Raw,ERA5-Land,mbe,0.008426535922134276,Hourly,subset_2,S2
SOLAR TECHOS ALTAMIRA,Raw,ERA5-Land,mbe,0.1242575287913791,Hourly,all,All
SPS LA HUAYCA,Raw,ERA5-Land,mbe,0.004087019410476045,Hourly,subset_2,S2
TAMBO REAL,Raw,ERA5-Land,mbe,0.0754456994796882,Hourly,all,All
TILTIL SOLAR,Raw,ERA5-Land,mbe,-0.049999919015943216,Hourly,subset_1,S1
URIBE SOLAR,Raw,ERA5-Land,mbe,-0.17086388685823586,Hourly,subset_1,S1
VALLE DE LA LUNA II,Raw,ERA5-Land,mbe,-0.022836760662666968,Hourly,subset_1,S1
ANDES SOLAR,Raw,ERA5-Land,rmse,0.2241183031588083,Hourly,subset_1,S1
BELLAVISTA,Raw,ERA5-Land,rmse,0.23434947718311025,Hourly,all,All
CARRERA PINTO ETAPA I,Raw,ERA5-Land,rmse,0.2958603784541416,Hourly,all,All
CHANARES,Raw,ERA5-Land,rmse,0.2349894894296296,Hourly,all,All
CONEJO SOLAR,Raw,ERA5-Land,rmse,0.2682710982888281,Hourly,all,All
CORDILLERILLA,Raw,ERA5-Land,rmse,0.21838575586976133,Hourly,all,All
EL DIVISADERO,Raw,ERA5-Land,rmse,0.2855473960265121,Hourly,all,All
FV BOLERO,Raw,ERA5-Land,rmse,0.21892504081960346,Hourly,all,All
LA CHAPEANA,Raw,ERA5-Land,rmse,0.2197229899282381,Hourly,subset_1,S1
LA QUINTA SOLAR,Raw,ERA5-Land,rmse,0.22920960375530014,Hourly,subset_1,S1
LALACKAMA,Raw,ERA5-Land,rmse,0.2492752399228253,Hourly,subset_1,S1
LALACKAMA 2,Raw,ERA5-Land,rmse,0.2534210406415427,Hourly,subset_1,S1
LAS ARAUCARIAS,Raw,ERA5-Land,rmse,0.19837964993411109,Hourly,subset_1,S1
LAS MOLLACAS,Raw,ERA5-Land,rmse,0.17074727417227129,Hourly,subset_2,S2
LAS TURCAS,Raw,ERA5-Land,rmse,0.25074081502604817,Hourly,all,All
LOS PUQUIOS,Raw,ERA5-Land,rmse,0.2063702493929054,Hourly,all,All
LUNA DEL NORTE,Raw,ERA5-Land,rmse,0.1173825278134357,Hourly,subset_2,S2
LUZ DEL NORTE,Raw,ERA5-Land,rmse,0.27822901119677723,Hourly,all,All
MARIA ELENA FV,Raw,ERA5-Land,rmse,0.22380965689277527,Hourly,subset_1,S1
PAMPA SOLAR NORTE,Raw,ERA5-Land,rmse,0.26741993825846394,Hourly,all,All
PARQUE SOLAR CUZ CUZ,Raw,ERA5-Land,rmse,0.20364499068487416,Hourly,all,All
PARQUE SOLAR FINIS TERRAE,Raw,ERA5-Land,rmse,0.236856757753868,Hourly,all,All
PARQUE SOLAR PAMPA CAMARONES,Raw,ERA5-Land,rmse,0.2239664658822074,Hourly,all,All
PFV LAGUNILLA,Raw,ERA5-Land,rmse,0.2328459436504841,Hourly,all,All
PFV LOS LOROS,Raw,ERA5-Land,rmse,0.19989345846943585,Hourly,all,All
PILOTO SOLAR CARDONES,Raw,ERA5-Land,rmse,0.3029527296384847,Hourly,subset_1,S1
PLANTA PV CERRO DOMINADOR,Raw,ERA5-Land,rmse,0.2507007631069603,Hourly,all,All
PMGD PICA PILOT,Raw,ERA5-Land,rmse,0.4380752023333017,Hourly,all,All
PUERTO SECO SOLAR,Raw,ERA5-Land,rmse,0.30475091381847985,Hourly,subset_1,S1
PV SALVADOR,Raw,ERA5-Land,rmse,0.2554315863641036,Hourly,all,All
QUILAPILUN,Raw,ERA5-Land,rmse,0.21597548228565025,Hourly,all,All
SAN FRANCISCO SOLAR,Raw,ERA5-Land,rmse,0.2309296184321271,Hourly,subset_1,S1
SANTA JULIA,Raw,ERA5-Land,rmse,0.22396897368059931,Hourly,subset_1,S1
SDGX01,Raw,ERA5-Land,rmse,0.17061684437415234,Hourly,all,All
SOL DEL NORTE,Raw,ERA5-Land,rmse,0.11849611658977505,Hourly,subset_2,S2
SOLAR ANTAY,Raw,ERA5-Land,rmse,0.16042456436644234,Hourly,all,All
SOLAR CHUCHINI,Raw,ERA5-Land,rmse,0.12645293428795013,Hourly,subset_1,S1
SOLAR DIEGO DE ALMAGRO,Raw,ERA5-Land,rmse,0.23567308816146476,Hourly,all,All
SOLAR EL AGUILA I,Raw,ERA5-Land,rmse,0.16064853812250754,Hourly,all,All
SOLAR EL ROMERO,Raw,ERA5-Land,rmse,0.2407712421183435,Hourly,all,All
SOLAR ESPERANZA,Raw,ERA5-Land,rmse,0.13546103310912752,Hourly,all,All
SOLAR HORMIGA,Raw,ERA5-Land,rmse,0.18127014942912761,Hourly,all,All
SOLAR JAMA 1,Raw,ERA5-Land,rmse,0.2696516198321891,Hourly,subset_1,S1
SOLAR JAMA 2,Raw,ERA5-Land,rmse,0.24097230265892686,Hourly,subset_1,S1
SOLAR JAVIERA,Raw,ERA5-Land,rmse,0.2470044688800917,Hourly,all,All
SOLAR LA SILLA,Raw,ERA5-Land,rmse,0.22479613356074304,Hourly,all,All
SOLAR LAS TERRAZAS,Raw,ERA5-Land,rmse,0.2746083538489501,Hourly,all,All
SOLAR LLANO DE LLAMPOS,Raw,ERA5-Land,rmse,0.2266946960516873,Hourly,all,All
SOLAR PSF LOMAS COLORADAS,Raw,ERA5-Land,rmse,0.1155275085249886,Hourly,subset_2,S2
SOLAR SAN ANDRES,Raw,ERA5-Land,rmse,0.2626718073850109,Hourly,all,All
SOLAR SANTA CECILIA,Raw,ERA5-Land,rmse,0.1323781810975676,Hourly,subset_2,S2
SOLAR TECHOS ALTAMIRA,Raw,ERA5-Land,rmse,0.2990295009726836,Hourly,all,All
SPS LA HUAYCA,Raw,ERA5-Land,rmse,0.08422149182946907,Hourly,subset_2,S2
TAMBO REAL,Raw,ERA5-Land,rmse,0.22494023689897494,Hourly,all,All
TILTIL SOLAR,Raw,ERA5-Land,rmse,0.21926261386424226,Hourly,subset_1,S1
URIBE SOLAR,Raw,ERA5-Land,rmse,0.2788920688694976,Hourly,subset_1,S1
VALLE DE LA LUNA II,Raw,ERA5-Land,rmse,0.21591939211384065,Hourly,subset_1,S1
ANDES SOLAR,Raw,ERA5-Land,pearson,0.4542872107256888,Daily,subset_1,S1
BELLAVISTA,Raw,ERA5-Land,pearson,0.5502644413046263,Daily,all,All
CARRERA PINTO ETAPA I,Raw,ERA5-Land,pearson,0.2391302162161542,Daily,all,All
CHANARES,Raw,ERA5-Land,pearson,0.3650880216378764,Daily,all,All
CONEJO SOLAR,Raw,ERA5-Land,pearson,0.3239187494685047,Daily,all,All
CORDILLERILLA,Raw,ERA5-Land,pearson,0.7306075351262288,Daily,all,All
EL DIVISADERO,Raw,ERA5-Land,pearson,0.5969693907981345,Daily,all,All
FV BOLERO,Raw,ERA5-Land,pearson,0.4605050744070617,Daily,all,All
LA CHAPEANA,Raw,ERA5-Land,pearson,0.6394984512507733,Daily,subset_1,S1
LA QUINTA SOLAR,Raw,ERA5-Land,pearson,0.6386150632438851,Daily,subset_1,S1
LALACKAMA,Raw,ERA5-Land,pearson,0.4972776847533597,Daily,subset_1,S1
LALACKAMA 2,Raw,ERA5-Land,pearson,0.4356960387546303,Daily,subset_1,S1
LAS ARAUCARIAS,Raw,ERA5-Land,pearson,0.6483236559538181,Daily,subset_1,S1
LAS MOLLACAS,Raw,ERA5-Land,pearson,0.6702723675015118,Daily,subset_2,S2
LAS TURCAS,Raw,ERA5-Land,pearson,0.6620884040145864,Daily,all,All
LOS PUQUIOS,Raw,ERA5-Land,pearson,0.3985941007064976,Daily,all,All
LUNA DEL NORTE,Raw,ERA5-Land,pearson,0.8067079799892758,Daily,subset_2,S2
LUZ DEL NORTE,Raw,ERA5-Land,pearson,0.24823800392702136,Daily,all,All
MARIA ELENA FV,Raw,ERA5-Land,pearson,0.42394515689966666,Daily,subset_1,S1
PAMPA SOLAR NORTE,Raw,ERA5-Land,pearson,0.37817072534503104,Daily,all,All
PARQUE SOLAR CUZ CUZ,Raw,ERA5-Land,pearson,0.6639877981480106,Daily,all,All
PARQUE SOLAR FINIS TERRAE,Raw,ERA5-Land,pearson,0.31977131120091085,Daily,all,All
PARQUE SOLAR PAMPA CAMARONES,Raw,ERA5-Land,pearson,0.5190950956085117,Daily,all,All
PFV LAGUNILLA,Raw,ERA5-Land,pearson,0.6356967176169298,Daily,all,All
PFV LOS LOROS,Raw,ERA5-Land,pearson,0.8567790430009598,Daily,all,All
PILOTO SOLAR CARDONES,Raw,ERA5-Land,pearson,0.025274648158818743,Daily,subset_1,S1
PLANTA PV CERRO DOMINADOR,Raw,ERA5-Land,pearson,0.06566958132591186,Daily,all,All
PMGD PICA PILOT,Raw,ERA5-Land,pearson,0.17748281589613135,Daily,all,All
PUERTO SECO SOLAR,Raw,ERA5-Land,pearson,0.5066469037554004,Daily,subset_1,S1
PV SALVADOR,Raw,ERA5-Land,pearson,0.4307337715134855,Daily,all,All
QUILAPILUN,Raw,ERA5-Land,pearson,0.5771217199978247,Daily,all,All
SAN FRANCISCO SOLAR,Raw,ERA5-Land,pearson,0.6392445451362402,Daily,subset_1,S1
SANTA JULIA,Raw,ERA5-Land,pearson,0.7565563391295119,Daily,subset_1,S1
SDGX01,Raw,ERA5-Land,pearson,0.5039310950297524,Daily,all,All
SOL DEL NORTE,Raw,ERA5-Land,pearson,0.8003065445810469,Daily,subset_2,S2
SOLAR ANTAY,Raw,ERA5-Land,pearson,0.4385980584254072,Daily,all,All
SOLAR CHUCHINI,Raw,ERA5-Land,pearson,0.8040931847357734,Daily,subset_1,S1
SOLAR DIEGO DE ALMAGRO,Raw,ERA5-Land,pearson,0.223968665603144,Daily,all,All
SOLAR EL AGUILA I,Raw,ERA5-Land,pearson,0.26326536735114897,Daily,all,All
SOLAR EL ROMERO,Raw,ERA5-Land,pearson,0.425734848392934,Daily,all,All
SOLAR ESPERANZA,Raw,ERA5-Land,pearson,0.5778223290490744,Daily,all,All
SOLAR HORMIGA,Raw,ERA5-Land,pearson,0.5584275302253624,Daily,all,All
SOLAR JAMA 1,Raw,ERA5-Land,pearson,0.5367544036427517,Daily,subset_1,S1
SOLAR JAMA 2,Raw,ERA5-Land,pearson,0.5163213174848006,Daily,subset_1,S1
SOLAR JAVIERA,Raw,ERA5-Land,pearson,0.4143175044872061,Daily,all,All
SOLAR LA SILLA,Raw,ERA5-Land,pearson,0.5425678536506109,Daily,all,All
SOLAR LAS TERRAZAS,Raw,ERA5-Land,pearson,-0.17944962088447797,Daily,all,All
SOLAR LLANO DE LLAMPOS,Raw,ERA5-Land,pearson,0.4981986524458804,Daily,all,All
SOLAR PSF LOMAS COLORADAS,Raw,ERA5-Land,pearson,0.8719344645630684,Daily,subset_2,S2
SOLAR SAN ANDRES,Raw,ERA5-Land,pearson,0.3695821111124836,Daily,all,All
SOLAR SANTA CECILIA,Raw,ERA5-Land,pearson,0.7517673685340289,Daily,subset_2,S2
SOLAR TECHOS ALTAMIRA,Raw,ERA5-Land,pearson,0.1183336982968862,Daily,all,All
SPS LA HUAYCA,Raw,ERA5-Land,pearson,0.8401608506416582,Daily,subset_2,S2
TAMBO REAL,Raw,ERA5-Land,pearson,0.15776589600131186,Daily,all,All
TILTIL SOLAR,Raw,ERA5-Land,pearson,0.6940762807066401,Daily,subset_1,S1
URIBE SOLAR,Raw,ERA5-Land,pearson,0.6085430075004411,Daily,subset_1,S1
VALLE DE LA LUNA II,Raw,ERA5-Land,pearson,0.6783380840022126,Daily,subset_1,S1
ANDES SOLAR,Raw,ERA5-Land,mbe,-0.06579135446685877,Daily,subset_1,S1
BELLAVISTA,Raw,ERA5-Land,mbe,0.09728728323699423,Daily,all,All
CARRERA PINTO ETAPA I,Raw,ERA5-Land,mbe,0.08859817684594347,Daily,all,All
CHANARES,Raw,ERA5-Land,mbe,0.051632855191256835,Daily,all,All
CONEJO SOLAR,Raw,ERA5-Land,mbe,0.01069129511677283,Daily,all,All
CORDILLERILLA,Raw,ERA5-Land,mbe,-0.008212903225806454,Daily,all,All
EL DIVISADERO,Raw,ERA5-Land,mbe,-0.13096080000000002,Daily,all,All
FV BOLERO,Raw,ERA5-Land,mbe,-0.03370199004975123,Daily,all,All
LA CHAPEANA,Raw,ERA5-Land,mbe,-0.013612665406427226,Daily,subset_1,S1
LA QUINTA SOLAR,Raw,ERA5-Land,mbe,-0.04863653444676408,Daily,subset_1,S1
LALACKAMA,Raw,ERA5-Land,mbe,-0.0037575905292479158,Daily,subset_1,S1
LALACKAMA 2,Raw,ERA5-Land,mbe,0.0032322075782537023,Daily,subset_1,S1
LAS ARAUCARIAS,Raw,ERA5-Land,mbe,0.09428699763593383,Daily,subset_1,S1
LAS MOLLACAS,Raw,ERA5-Land,mbe,0.04850845724907064,Daily,subset_2,S2
LAS TURCAS,Raw,ERA5-Land,mbe,-0.025350572082379858,Daily,all,All
LOS PUQUIOS,Raw,ERA5-Land,mbe,0.10727377567140603,Daily,all,All
LUNA DEL NORTE,Raw,ERA5-Land,mbe,-0.018146740994854204,Daily,subset_2,S2
LUZ DEL NORTE,Raw,ERA5-Land,mbe,0.02336765432098765,Daily,all,All
MARIA ELENA FV,Raw,ERA5-Land,mbe,-0.09829057639524244,Daily,subset_1,S1
PAMPA SOLAR NORTE,Raw,ERA5-Land,mbe,-0.01970338983050848,Daily,all,All
PARQUE SOLAR CUZ CUZ,Raw,ERA5-Land,mbe,0.03223606194690265,Daily,all,All
PARQUE SOLAR FINIS TERRAE,Raw,ERA5-Land,mbe,-0.028735747021081576,Daily,all,All
PARQUE SOLAR PAMPA CAMARONES,Raw,ERA5-Land,mbe,-0.07619617373319545,Daily,all,All
PFV LAGUNILLA,Raw,ERA5-Land,mbe,-0.041922002635046106,Daily,all,All
PFV LOS LOROS,Raw,ERA5-Land,mbe,0.075324,Daily,all,All
PILOTO SOLAR CARDONES,Raw,ERA5-Land,mbe,0.2074930576070901,Daily,subset_1,S1
PLANTA PV CERRO DOMINADOR,Raw,ERA5-Land,mbe,-0.06791583969465649,Daily,all,All
PMGD PICA PILOT,Raw,ERA5-Land,mbe,0.3376837704918033,Daily,all,All
PUERTO SECO SOLAR,Raw,ERA5-Land,mbe,-0.2055312614259598,Daily,subset_1,S1
PV SALVADOR,Raw,ERA5-Land,mbe,-0.024803063308373046,Daily,all,All
QUILAPILUN,Raw,ERA5-Land,mbe,0.03575068181818182,Daily,all,All
SAN FRANCISCO SOLAR,Raw,ERA5-Land,mbe,-0.04710605427974948,Daily,subset_1,S1
SANTA JULIA,Raw,ERA5-Land,mbe,-0.03293617245005258,Daily,subset_1,S1
SDGX01,Raw,ERA5-Land,mbe,-0.005495920745920747,Daily,all,All
SOL DEL NORTE,Raw,ERA5-Land,mbe,-0.02155273851590106,Daily,subset_2,S2
SOLAR ANTAY,Raw,ERA5-Land,mbe,-0.06321004464285715,Daily,all,All
SOLAR CHUCHINI,Raw,ERA5-Land,mbe,0.04891112385321101,Daily,subset_1,S1
SOLAR DIEGO DE ALMAGRO,Raw,ERA5-Land,mbe,0.13852568639414276,Daily,all,All
SOLAR EL AGUILA I,Raw,ERA5-Land,mbe,0.03980374429223744,Daily,all,All
SOLAR EL ROMERO,Raw,ERA5-Land,mbe,0.11883971539456666,Daily,all,All
SOLAR ESPERANZA,Raw,ERA5-Land,mbe,0.05689457659372026,Daily,all,All
SOLAR HORMIGA,Raw,ERA5-Land,mbe,0.06984765840220386,Daily,all,All
SOLAR JAMA 1,Raw,ERA5-Land,mbe,-0.1568300731261426,Daily,subset_1,S1
SOLAR JAMA 2,Raw,ERA5-Land,mbe,-0.11236349206349204,Daily,subset_1,S1
SOLAR JAVIERA,Raw,ERA5-Land,mbe,0.029316142857142864,Daily,all,All
SOLAR LA SILLA,Raw,ERA5-Land,mbe,-0.048917301750772385,Daily,all,All
SOLAR LAS TERRAZAS,Raw,ERA5-Land,mbe,0.15351068493150682,Daily,all,All
SOLAR LLANO DE LLAMPOS,Raw,ERA5-Land,mbe,-0.04300188470066519,Daily,all,All
SOLAR PSF LOMAS COLORADAS,Raw,ERA5-Land,mbe,0.021627042079207917,Daily,subset_2,S2
SOLAR SAN ANDRES,Raw,ERA5-Land,mbe,0.09001874640598044,Daily,all,All
SOLAR SANTA CECILIA,Raw,ERA5-Land,mbe,0.009593716337522444,Daily,subset_2,S2
SOLAR TECHOS ALTAMIRA,Raw,ERA5-Land,mbe,0.15678923705722073,Daily,all,All
SPS LA HUAYCA,Raw,ERA5-Land,mbe,0.004836688014638609,Daily,subset_2,S2
TAMBO REAL,Raw,ERA5-Land,mbe,0.08616449480642115,Daily,all,All
TILTIL SOLAR,Raw,ERA5-Land,mbe,-0.03681924778761062,Daily,subset_1,S1
URIBE SOLAR,Raw,ERA5-Land,mbe,-0.16146750348675035,Daily,subset_1,S1
VALLE DE LA LUNA II,Raw,ERA5-Land,mbe,-0.012414492753623187,Daily,subset_1,S1
ANDES SOLAR,Raw,ERA5-Land,rmse,0.12499958616646195,Daily,subset_1,S1
BELLAVISTA,Raw,ERA5-Land,rmse,0.18314828361714866,Daily,all,All
CARRERA PINTO ETAPA I,Raw,ERA5-Land,rmse,0.1920190790239525,Daily,all,All
CHANARES,Raw,ERA5-Land,rmse,0.1381548079129118,Daily,all,All
CONEJO SOLAR,Raw,ERA5-Land,rmse,0.1583402721465373,Daily,all,All
CORDILLERILLA,Raw,ERA5-Land,rmse,0.14414054765403753,Daily,all,All
EL DIVISADERO,Raw,ERA5-Land,rmse,0.19098207057208275,Daily,all,All
FV BOLERO,Raw,ERA5-Land,rmse,0.12906098401669092,Daily,all,All
LA CHAPEANA,Raw,ERA5-Land,rmse,0.11936578331684125,Daily,subset_1,S1
LA QUINTA SOLAR,Raw,ERA5-Land,rmse,0.14661615636378328,Daily,subset_1,S1
LALACKAMA,Raw,ERA5-Land,rmse,0.11066695572992533,Daily,subset_1,S1
LALACKAMA 2,Raw,ERA5-Land,rmse,0.11160462098426384,Daily,subset_1,S1
LAS ARAUCARIAS,Raw,ERA5-Land,rmse,0.1503123991179876,Daily,subset_1,S1
LAS MOLLACAS,Raw,ERA5-Land,rmse,0.10046781110770373,Daily,subset_2,S2
LAS TURCAS,Raw,ERA5-Land,rmse,0.1516900605255419,Daily,all,All
LOS PUQUIOS,Raw,ERA5-Land,rmse,0.15435993190656394,Daily,all,All
LUNA DEL NORTE,Raw,ERA5-Land,rmse,0.06866446989080988,Daily,subset_2,S2
LUZ DEL NORTE,Raw,ERA5-Land,rmse,0.15932547475325404,Daily,all,All
MARIA ELENA FV,Raw,ERA5-Land,rmse,0.1337043489826378,Daily,subset_1,S1
PAMPA SOLAR NORTE,Raw,ERA5-Land,rmse,0.14535034825821247,Daily,all,All
PARQUE SOLAR CUZ CUZ,Raw,ERA5-Land,rmse,0.12046660894904206,Daily,all,All
PARQUE SOLAR FINIS TERRAE,Raw,ERA5-Land,rmse,0.15402347003532674,Daily,all,All
PARQUE SOLAR PAMPA CAMARONES,Raw,ERA5-Land,rmse,0.13563130329806974,Daily,all,All
PFV LAGUNILLA,Raw,ERA5-Land,rmse,0.14928671532611007,Daily,all,All
PFV LOS LOROS,Raw,ERA5-Land,rmse,0.12778999888964793,Daily,all,All
PILOTO SOLAR CARDONES,Raw,ERA5-Land,rmse,0.2823976207213323,Daily,subset_1,S1
PLANTA PV CERRO DOMINADOR,Raw,ERA5-Land,rmse,0.1611449793516044,Daily,all,All
PMGD PICA PILOT,Raw,ERA5-Land,rmse,0.3619809200433219,Daily,all,All
PUERTO SECO SOLAR,Raw,ERA5-Land,rmse,0.2265417827727696,Daily,subset_1,S1
PV SALVADOR,Raw,ERA5-Land,rmse,0.12507651488005453,Daily,all,All
QUILAPILUN,Raw,ERA5-Land,rmse,0.1509980835971106,Daily,all,All
SAN FRANCISCO SOLAR,Raw,ERA5-Land,rmse,0.15041510384782916,Daily,subset_1,S1
SANTA JULIA,Raw,ERA5-Land,rmse,0.1290761588944786,Daily,subset_1,S1
SDGX01,Raw,ERA5-Land,rmse,0.11500473016521084,Daily,all,All
SOL DEL NORTE,Raw,ERA5-Land,rmse,0.07056480763079942,Daily,subset_2,S2
SOLAR ANTAY,Raw,ERA5-Land,rmse,0.10187105152295647,Daily,all,All
SOLAR CHUCHINI,Raw,ERA5-Land,rmse,0.08626284833167508,Daily,subset_1,S1
SOLAR DIEGO DE ALMAGRO,Raw,ERA5-Land,rmse,0.1936627660534173,Daily,all,All
SOLAR EL AGUILA I,Raw,ERA5-Land,rmse,0.12075699894631592,Daily,all,All
SOLAR EL ROMERO,Raw,ERA5-Land,rmse,0.16763296909793698,Daily,all,All
SOLAR ESPERANZA,Raw,ERA5-Land,rmse,0.09424061527828884,Daily,all,All
SOLAR HORMIGA,Raw,ERA5-Land,rmse,0.13934701387357426,Daily,all,All
SOLAR JAMA 1,Raw,ERA5-Land,rmse,0.18053697892311074,Daily,subset_1,S1
SOLAR JAMA 2,Raw,ERA5-Land,rmse,0.14352829750566246,Daily,subset_1,S1
SOLAR JAVIERA,Raw,ERA5-Land,rmse,0.12426183076759445,Daily,all,All
SOLAR LA SILLA,Raw,ERA5-Land,rmse,0.14125097577199122,Daily,all,All
SOLAR LAS TERRAZAS,Raw,ERA5-Land,rmse,0.32487202709815993,Daily,all,All
SOLAR LLANO DE LLAMPOS,Raw,ERA5-Land,rmse,0.12198091573135834,Daily,all,All
SOLAR PSF LOMAS COLORADAS,Raw,ERA5-Land,rmse,0.06337984905385237,Daily,subset_2,S2
SOLAR SAN ANDRES,Raw,ERA5-Land,rmse,0.17344790200404045,Daily,all,All
SOLAR SANTA CECILIA,Raw,ERA5-Land,rmse,0.0734839821821253,Daily,subset_2,S2
SOLAR TECHOS ALTAMIRA,Raw,ERA5-Land,rmse,0.2607622216237583,Daily,all,All
SPS LA HUAYCA,Raw,ERA5-Land,rmse,0.04190511315688903,Daily,subset_2,S2
TAMBO REAL,Raw,ERA5-Land,rmse,0.1782376790582501,Daily,all,All
TILTIL SOLAR,Raw,ERA5-Land,rmse,0.13004285372641486,Daily,subset_1,S1
URIBE SOLAR,Raw,ERA5-Land,rmse,0.19406001710063567,Daily,subset_1,S1
VALLE DE LA LUNA II,Raw,ERA5-Land,rmse,0.13097332492782682,Daily,subset_1,S1
ANDES SOLAR,Raw,ERA5-Land,pearson,0.2454555483888458,Monthly,subset_1,S1
BELLAVISTA,Raw,ERA5-Land,pearson,0.4622516462317015,Monthly,all,All
CARRERA PINTO ETAPA I,Raw,ERA5-Land,pearson,0.045507397436984884,Monthly,all,All
CHANARES,Raw,ERA5-Land,pearson,0.2277120132755112,Monthly,all,All
CONEJO SOLAR,Raw,ERA5-Land,pearson,0.23648948600091385,Monthly,all,All
CORDILLERILLA,Raw,ERA5-Land,pearson,0.7641774157079241,Monthly,all,All
EL DIVISADERO,Raw,ERA5-Land,pearson,0.4317299310858773,Monthly,all,All
FV BOLERO,Raw,ERA5-Land,pearson,0.3057989226452333,Monthly,all,All
LA CHAPEANA,Raw,ERA5-Land,pearson,0.7063845246126841,Monthly,subset_1,S1
LA QUINTA SOLAR,Raw,ERA5-Land,pearson,0.4877702352616383,Monthly,subset_1,S1
LALACKAMA,Raw,ERA5-Land,pearson,0.4715187700800563,Monthly,subset_1,S1
LALACKAMA 2,Raw,ERA5-Land,pearson,0.4202276859937978,Monthly,subset_1,S1
LAS ARAUCARIAS,Raw,ERA5-Land,pearson,0.6754257603059649,Monthly,subset_1,S1
LAS MOLLACAS,Raw,ERA5-Land,pearson,0.872421924494852,Monthly,subset_2,S2
LAS TURCAS,Raw,ERA5-Land,pearson,0.7528759065329421,Monthly,all,All
LOS PUQUIOS,Raw,ERA5-Land,pearson,0.11036625287771756,Monthly,all,All
LUNA DEL NORTE,Raw,ERA5-Land,pearson,0.8465298030625324,Monthly,subset_2,S2
LUZ DEL NORTE,Raw,ERA5-Land,pearson,0.03796130883010936,Monthly,all,All
MARIA ELENA FV,Raw,ERA5-Land,pearson,0.06403409149814096,Monthly,subset_1,S1
PAMPA SOLAR NORTE,Raw,ERA5-Land,pearson,-0.041565226925449776,Monthly,all,All
PARQUE SOLAR CUZ CUZ,Raw,ERA5-Land,pearson,0.6360401653462722,Monthly,all,All
PARQUE SOLAR FINIS TERRAE,Raw,ERA5-Land,pearson,0.15332149060403086,Monthly,all,All
PARQUE SOLAR PAMPA CAMARONES,Raw,ERA5-Land,pearson,0.4447522449816821,Monthly,all,All
PFV LAGUNILLA,Raw,ERA5-Land,pearson,0.6551245216479253,Monthly,all,All
PFV LOS LOROS,Raw,ERA5-Land,pearson,0.9012008281451884,Monthly,all,All
PILOTO SOLAR CARDONES,Raw,ERA5-Land,pearson,-0.07768215876804829,Monthly,subset_1,S1
PLANTA PV CERRO DOMINADOR,Raw,ERA5-Land,pearson,-0.261424086431683,Monthly,all,All
PMGD PICA PILOT,Raw,ERA5-Land,pearson,0.16411427078774507,Monthly,all,All
PUERTO SECO SOLAR,Raw,ERA5-Land,pearson,0.2620951956857939,Monthly,subset_1,S1
PV SALVADOR,Raw,ERA5-Land,pearson,0.23419528893679936,Monthly,all,All
QUILAPILUN,Raw,ERA5-Land,pearson,0.22467970851874688,Monthly,all,All
SAN FRANCISCO SOLAR,Raw,ERA5-Land,pearson,0.5781919589574076,Monthly,subset_1,S1
SANTA JULIA,Raw,ERA5-Land,pearson,0.7833559144392594,Monthly,subset_1,S1
SDGX01,Raw,ERA5-Land,pearson,0.5346861239354475,Monthly,all,All
SOL DEL NORTE,Raw,ERA5-Land,pearson,0.8388516994855043,Monthly,subset_2,S2
SOLAR ANTAY,Raw,ERA5-Land,pearson,-0.5588578031130004,Monthly,all,All
SOLAR CHUCHINI,Raw,ERA5-Land,pearson,0.7703318391690169,Monthly,subset_1,S1
SOLAR DIEGO DE ALMAGRO,Raw,ERA5-Land,pearson,-0.15272508574935276,Monthly,all,All
SOLAR EL AGUILA I,Raw,ERA5-Land,pearson,0.0800891574115274,Monthly,all,All
SOLAR EL ROMERO,Raw,ERA5-Land,pearson,0.4165829715879161,Monthly,all,All
SOLAR ESPERANZA,Raw,ERA5-Land,pearson,0.5219578965898989,Monthly,all,All
SOLAR HORMIGA,Raw,ERA5-Land,pearson,-0.15236469975405575,Monthly,all,All
SOLAR JAMA 1,Raw,ERA5-Land,pearson,0.10263855489286224,Monthly,subset_1,S1
SOLAR JAMA 2,Raw,ERA5-Land,pearson,0.13691471007276032,Monthly,subset_1,S1
SOLAR JAVIERA,Raw,ERA5-Land,pearson,0.30638231289681866,Monthly,all,All
SOLAR LA SILLA,Raw,ERA5-Land,pearson,0.26845258806624644,Monthly,all,All
SOLAR LAS TERRAZAS,Raw,ERA5-Land,pearson,-0.6099196093994899,Monthly,all,All
SOLAR LLANO DE LLAMPOS,Raw,ERA5-Land,pearson,0.2754215615965728,Monthly,all,All
SOLAR PSF LOMAS COLORADAS,Raw,ERA5-Land,pearson,0.8841001014425527,Monthly,subset_2,S2
SOLAR SAN ANDRES,Raw,ERA5-Land,pearson,0.25331869491043835,Monthly,all,All
SOLAR SANTA CECILIA,Raw,ERA5-Land,pearson,0.9043616661902502,Monthly,subset_2,S2
SOLAR TECHOS ALTAMIRA,Raw,ERA5-Land,pearson,-0.4167835032752229,Monthly,all,All
SPS LA HUAYCA,Raw,ERA5-Land,pearson,0.8970246645431108,Monthly,subset_2,S2
TAMBO REAL,Raw,ERA5-Land,pearson,-0.2665184556059171,Monthly,all,All
TILTIL SOLAR,Raw,ERA5-Land,pearson,0.6612372115434246,Monthly,subset_1,S1
URIBE SOLAR,Raw,ERA5-Land,pearson,0.4102464584044561,Monthly,subset_1,S1
VALLE DE LA LUNA II,Raw,ERA5-Land,pearson,0.6803719787008071,Monthly,subset_1,S1
ANDES SOLAR,Raw,ERA5-Land,mbe,-0.06477999999999998,Monthly,subset_1,S1
BELLAVISTA,Raw,ERA5-Land,mbe,0.10724999999999997,Monthly,all,All
CARRERA PINTO ETAPA I,Raw,ERA5-Land,mbe,0.09779189189189186,Monthly,all,All
CHANARES,Raw,ERA5-Land,mbe,0.05232244897959185,Monthly,all,All
CONEJO SOLAR,Raw,ERA5-Land,mbe,0.010684375000000005,Monthly,all,All
CORDILLERILLA,Raw,ERA5-Land,mbe,-0.0038923076923076953,Monthly,all,All
EL DIVISADERO,Raw,ERA5-Land,mbe,-0.12569999999999998,Monthly,all,All
FV BOLERO,Raw,ERA5-Land,mbe,-0.024449999999999986,Monthly,all,All
LA CHAPEANA,Raw,ERA5-Land,mbe,-0.013566666666666664,Monthly,subset_1,S1
LA QUINTA SOLAR,Raw,ERA5-Land,mbe,-0.05031875,Monthly,subset_1,S1
LALACKAMA,Raw,ERA5-Land,mbe,-0.004716666666666665,Monthly,subset_1,S1
LALACKAMA 2,Raw,ERA5-Land,mbe,6.928571428571525e-4,Monthly,subset_1,S1
LAS ARAUCARIAS,Raw,ERA5-Land,mbe,0.09063666666666667,Monthly,subset_1,S1
LAS MOLLACAS,Raw,ERA5-Land,mbe,0.04779722222222222,Monthly,subset_2,S2
LAS TURCAS,Raw,ERA5-Land,mbe,-0.030206666666666673,Monthly,all,All
LOS PUQUIOS,Raw,ERA5-Land,mbe,0.10805416666666667,Monthly,all,All
LUNA DEL NORTE,Raw,ERA5-Land,mbe,-0.017219999999999985,Monthly,subset_2,S2
LUZ DEL NORTE,Raw,ERA5-Land,mbe,0.03749767441860466,Monthly,all,All
MARIA ELENA FV,Raw,ERA5-Land,mbe,-0.09854444444444443,Monthly,subset_1,S1
PAMPA SOLAR NORTE,Raw,ERA5-Land,mbe,-0.007488235294117657,Monthly,all,All
PARQUE SOLAR CUZ CUZ,Raw,ERA5-Land,mbe,0.030040000000000008,Monthly,all,All
PARQUE SOLAR FINIS TERRAE,Raw,ERA5-Land,mbe,-0.027355555555555564,Monthly,all,All
PARQUE SOLAR PAMPA CAMARONES,Raw,ERA5-Land,mbe,-0.07689375,Monthly,all,All
PFV LAGUNILLA,Raw,ERA5-Land,mbe,-0.04235555555555556,Monthly,all,All
PFV LOS LOROS,Raw,ERA5-Land,mbe,0.08151935483870969,Monthly,all,All
PILOTO SOLAR CARDONES,Raw,ERA5-Land,mbe,0.19422608695652172,Monthly,subset_1,S1
PLANTA PV CERRO DOMINADOR,Raw,ERA5-Land,mbe,-0.047738888888888865,Monthly,all,All
PMGD PICA PILOT,Raw,ERA5-Land,mbe,0.34744166666666665,Monthly,all,All
PUERTO SECO SOLAR,Raw,ERA5-Land,mbe,-0.20625,Monthly,subset_1,S1
PV SALVADOR,Raw,ERA5-Land,mbe,-0.012150980392156865,Monthly,all,All
QUILAPILUN,Raw,ERA5-Land,mbe,0.047463333333333316,Monthly,all,All
SAN FRANCISCO SOLAR,Raw,ERA5-Land,mbe,-0.04931250000000001,Monthly,subset_1,S1
SANTA JULIA,Raw,ERA5-Land,mbe,-0.033600000000000005,Monthly,subset_1,S1
SDGX01,Raw,ERA5-Land,mbe,-0.013080645161290323,Monthly,all,All
SOL DEL NORTE,Raw,ERA5-Land,mbe,-0.02345128205128204,Monthly,subset_2,S2
SOLAR ANTAY,Raw,ERA5-Land,mbe,-0.02050555555555555,Monthly,all,All
SOLAR CHUCHINI,Raw,ERA5-Land,mbe,0.04818,Monthly,subset_1,S1
SOLAR DIEGO DE ALMAGRO,Raw,ERA5-Land,mbe,0.14697142857142856,Monthly,all,All
SOLAR EL AGUILA I,Raw,ERA5-Land,mbe,0.03871111111111111,Monthly,all,All
SOLAR EL ROMERO,Raw,ERA5-Land,mbe,0.12132307692307695,Monthly,all,All
SOLAR ESPERANZA,Raw,ERA5-Land,mbe,0.05572162162162162,Monthly,all,All
SOLAR HORMIGA,Raw,ERA5-Land,mbe,0.08204800000000001,Monthly,all,All
SOLAR JAMA 1,Raw,ERA5-Land,mbe,-0.15743333333333334,Monthly,subset_1,S1
SOLAR JAMA 2,Raw,ERA5-Land,mbe,-0.1074027777777778,Monthly,subset_1,S1
SOLAR JAVIERA,Raw,ERA5-Land,mbe,0.03467916666666667,Monthly,all,All
SOLAR LA SILLA,Raw,ERA5-Land,mbe,-0.03822727272727272,Monthly,all,All
SOLAR LAS TERRAZAS,Raw,ERA5-Land,mbe,0.15300625,Monthly,all,All
SOLAR LLANO DE LLAMPOS,Raw,ERA5-Land,mbe,-0.041470000000000014,Monthly,all,All
SOLAR PSF LOMAS COLORADAS,Raw,ERA5-Land,mbe,0.022016666666666667,Monthly,subset_2,S2
SOLAR SAN ANDRES,Raw,ERA5-Land,mbe,0.09257966101694914,Monthly,all,All
SOLAR SANTA CECILIA,Raw,ERA5-Land,mbe,0.008191228070175442,Monthly,subset_2,S2
SOLAR TECHOS ALTAMIRA,Raw,ERA5-Land,mbe,0.16609259259259254,Monthly,all,All
SPS LA HUAYCA,Raw,ERA5-Land,mbe,0.004311111111111109,Monthly,subset_2,S2
TAMBO REAL,Raw,ERA5-Land,mbe,0.0797105263157895,Monthly,all,All
TILTIL SOLAR,Raw,ERA5-Land,mbe,-0.03724516129032256,Monthly,subset_1,S1
URIBE SOLAR,Raw,ERA5-Land,mbe,-0.16500833333333334,Monthly,subset_1,S1
VALLE DE LA LUNA II,Raw,ERA5-Land,mbe,-0.013312500000000008,Monthly,subset_1,S1
ANDES SOLAR,Raw,ERA5-Land,rmse,0.10784522375012387,Monthly,subset_1,S1
BELLAVISTA,Raw,ERA5-Land,rmse,0.16596440130341206,Monthly,all,All
CARRERA PINTO ETAPA I,Raw,ERA5-Land,rmse,0.18946449214505545,Monthly,all,All
CHANARES,Raw,ERA5-Land,rmse,0.11031569355671003,Monthly,all,All
CONEJO SOLAR,Raw,ERA5-Land,rmse,0.1222588404267765,Monthly,all,All
CORDILLERILLA,Raw,ERA5-Land,rmse,0.10003449789562983,Monthly,all,All
EL DIVISADERO,Raw,ERA5-Land,rmse,0.1525233050108362,Monthly,all,All
FV BOLERO,Raw,ERA5-Land,rmse,0.11621751745600302,Monthly,all,All
LA CHAPEANA,Raw,ERA5-Land,rmse,0.08444286036525922,Monthly,subset_1,S1
LA QUINTA SOLAR,Raw,ERA5-Land,rmse,0.1192567110270948,Monthly,subset_1,S1
LALACKAMA,Raw,ERA5-Land,rmse,0.06897133764591394,Monthly,subset_1,S1
LALACKAMA 2,Raw,ERA5-Land,rmse,0.06778957463040633,Monthly,subset_1,S1
LAS ARAUCARIAS,Raw,ERA5-Land,rmse,0.11861203002506393,Monthly,subset_1,S1
LAS MOLLACAS,Raw,ERA5-Land,rmse,0.05502598628526949,Monthly,subset_2,S2
LAS TURCAS,Raw,ERA5-Land,rmse,0.10188476170000432,Monthly,all,All
LOS PUQUIOS,Raw,ERA5-Land,rmse,0.14512043130907973,Monthly,all,All
LUNA DEL NORTE,Raw,ERA5-Land,rmse,0.03910315844020787,Monthly,subset_2,S2
LUZ DEL NORTE,Raw,ERA5-Land,rmse,0.1616940924551164,Monthly,all,All
MARIA ELENA FV,Raw,ERA5-Land,rmse,0.12615400200636612,Monthly,subset_1,S1
PAMPA SOLAR NORTE,Raw,ERA5-Land,rmse,0.13461154788326826,Monthly,all,All
PARQUE SOLAR CUZ CUZ,Raw,ERA5-Land,rmse,0.08331775321022526,Monthly,all,All
PARQUE SOLAR FINIS TERRAE,Raw,ERA5-Land,rmse,0.1472661309783527,Monthly,all,All
PARQUE SOLAR PAMPA CAMARONES,Raw,ERA5-Land,rmse,0.11035392777332396,Monthly,all,All
PFV LAGUNILLA,Raw,ERA5-Land,rmse,0.11668525883602275,Monthly,all,All
PFV LOS LOROS,Raw,ERA5-Land,rmse,0.10410529254309728,Monthly,all,All
PILOTO SOLAR CARDONES,Raw,ERA5-Land,rmse,0.2435896478131596,Monthly,subset_1,S1
PLANTA PV CERRO DOMINADOR,Raw,ERA5-Land,rmse,0.1788625341179955,Monthly,all,All
PMGD PICA PILOT,Raw,ERA5-Land,rmse,0.3624538913204455,Monthly,all,All
PUERTO SECO SOLAR,Raw,ERA5-Land,rmse,0.22010877235282256,Monthly,subset_1,S1
PV SALVADOR,Raw,ERA5-Land,rmse,0.11792514990616786,Monthly,all,All
QUILAPILUN,Raw,ERA5-Land,rmse,0.14919358230165264,Monthly,all,All
SAN FRANCISCO SOLAR,Raw,ERA5-Land,rmse,0.11424519683557817,Monthly,subset_1,S1
SANTA JULIA,Raw,ERA5-Land,rmse,0.10018464203659164,Monthly,subset_1,S1
SDGX01,Raw,ERA5-Land,rmse,0.06047490281900205,Monthly,all,All
SOL DEL NORTE,Raw,ERA5-Land,rmse,0.04166505022505565,Monthly,subset_2,S2
SOLAR ANTAY,Raw,ERA5-Land,rmse,0.11779303176900295,Monthly,all,All
SOLAR CHUCHINI,Raw,ERA5-Land,rmse,0.06497260448322302,Monthly,subset_1,S1
SOLAR DIEGO DE ALMAGRO,Raw,ERA5-Land,rmse,0.193794170080379,Monthly,all,All
SOLAR EL AGUILA I,Raw,ERA5-Land,rmse,0.105378284185015,Monthly,all,All
SOLAR EL ROMERO,Raw,ERA5-Land,rmse,0.15363494944936096,Monthly,all,All
SOLAR ESPERANZA,Raw,ERA5-Land,rmse,0.07981789916445453,Monthly,all,All
SOLAR HORMIGA,Raw,ERA5-Land,rmse,0.14259503217153113,Monthly,all,All
SOLAR JAMA 1,Raw,ERA5-Land,rmse,0.17418783603404178,Monthly,subset_1,S1
SOLAR JAMA 2,Raw,ERA5-Land,rmse,0.13603711401264318,Monthly,subset_1,S1
SOLAR JAVIERA,Raw,ERA5-Land,rmse,0.09871379716128843,Monthly,all,All
SOLAR LA SILLA,Raw,ERA5-Land,rmse,0.12739511074772156,Monthly,all,All
SOLAR LAS TERRAZAS,Raw,ERA5-Land,rmse,0.2922499868120898,Monthly,all,All
SOLAR LLANO DE LLAMPOS,Raw,ERA5-Land,rmse,0.10698751484791737,Monthly,all,All
SOLAR PSF LOMAS COLORADAS,Raw,ERA5-Land,rmse,0.03449059721570934,Monthly,subset_2,S2
SOLAR SAN ANDRES,Raw,ERA5-Land,rmse,0.161871085974538,Monthly,all,All
SOLAR SANTA CECILIA,Raw,ERA5-Land,rmse,0.03043272419213217,Monthly,subset_2,S2
SOLAR TECHOS ALTAMIRA,Raw,ERA5-Land,rmse,0.2549833044643424,Monthly,all,All
SPS LA HUAYCA,Raw,ERA5-Land,rmse,0.018883826118901038,Monthly,subset_2,S2
TAMBO REAL,Raw,ERA5-Land,rmse,0.1478915925869173,Monthly,all,All
TILTIL SOLAR,Raw,ERA5-Land,rmse,0.10159864426324317,Monthly,subset_1,S1
URIBE SOLAR,Raw,ERA5-Land,rmse,0.18272155501381512,Monthly,subset_1,S1
VALLE DE LA LUNA II,Raw,ERA5-Land,rmse,0.09768998157436616,Monthly,subset_1,S1
ANDES SOLAR,Raw,Rn,pearson,0.8191197683544145,Hourly,subset_1,S1
BELLAVISTA,Raw,Rn,pearson,0.772401662970448,Hourly,all,All
CARRERA PINTO ETAPA I,Raw,Rn,pearson,0.6271529938725398,Hourly,all,All
CHANARES,Raw,Rn,pearson,0.7510036414004749,Hourly,all,All
CONEJO SOLAR,Raw,Rn,pearson,0.6857293347194905,Hourly,all,All
CORDILLERILLA,Raw,Rn,pearson,0.7547542572986626,Hourly,all,All
EL DIVISADERO,Raw,Rn,pearson,0.7544972385677636,Hourly,all,All
FV BOLERO,Raw,Rn,pearson,0.7939512647864985,Hourly,all,All
LA CHAPEANA,Raw,Rn,pearson,0.7708899453198673,Hourly,subset_1,S1
LA QUINTA SOLAR,Raw,Rn,pearson,0.7722094580247522,Hourly,subset_1,S1
LALACKAMA,Raw,Rn,pearson,0.7033298961914191,Hourly,subset_1,S1
LALACKAMA 2,Raw,Rn,pearson,0.6921129320312801,Hourly,subset_1,S1
LAS ARAUCARIAS,Raw,Rn,pearson,0.8150534968761524,Hourly,subset_1,S1
LAS MOLLACAS,Raw,Rn,pearson,0.8575728158119202,Hourly,subset_2,S2
LAS TURCAS,Raw,Rn,pearson,0.7425127484820007,Hourly,all,All
LOS PUQUIOS,Raw,Rn,pearson,0.8446916573243722,Hourly,all,All
LUNA DEL NORTE,Raw,Rn,pearson,0.9271647817240984,Hourly,subset_2,S2
LUZ DEL NORTE,Raw,Rn,pearson,0.6436310561206091,Hourly,all,All
MARIA ELENA FV,Raw,Rn,pearson,0.8412878476799511,Hourly,subset_1,S1
PAMPA SOLAR NORTE,Raw,Rn,pearson,0.6982679640768092,Hourly,all,All
PARQUE SOLAR CUZ CUZ,Raw,Rn,pearson,0.7979483491431641,Hourly,all,All
PARQUE SOLAR FINIS TERRAE,Raw,Rn,pearson,0.7739416355810836,Hourly,all,All
PARQUE SOLAR PAMPA CAMARONES,Raw,Rn,pearson,0.8155547449164579,Hourly,all,All
PFV LAGUNILLA,Raw,Rn,pearson,0.7649121734774689,Hourly,all,All
PFV LOS LOROS,Raw,Rn,pearson,0.8393502448103967,Hourly,all,All
PILOTO SOLAR CARDONES,Raw,Rn,pearson,0.6048493024209288,Hourly,subset_1,S1
PLANTA PV CERRO DOMINADOR,Raw,Rn,pearson,0.7642931255837191,Hourly,all,All
PMGD PICA PILOT,Raw,Rn,pearson,0.6389899845021616,Hourly,all,All
PUERTO SECO SOLAR,Raw,Rn,pearson,0.8291159620354692,Hourly,subset_1,S1
PV SALVADOR,Raw,Rn,pearson,0.7142265283036571,Hourly,all,All
QUILAPILUN,Raw,Rn,pearson,0.7647545475497655,Hourly,all,All
SAN FRANCISCO SOLAR,Raw,Rn,pearson,0.7647452973562128,Hourly,subset_1,S1
SANTA JULIA,Raw,Rn,pearson,0.7705304852441781,Hourly,subset_1,S1
SDGX01,Raw,Rn,pearson,0.8565416137179215,Hourly,all,All
SOL DEL NORTE,Raw,Rn,pearson,0.9253456556680432,Hourly,subset_2,S2
SOLAR ANTAY,Raw,Rn,pearson,0.9357287970691875,Hourly,all,All
SOLAR CHUCHINI,Raw,Rn,pearson,0.9185004987341636,Hourly,subset_1,S1
SOLAR DIEGO DE ALMAGRO,Raw,Rn,pearson,0.8049985185275343,Hourly,all,All
SOLAR EL AGUILA I,Raw,Rn,pearson,0.8898194573907491,Hourly,all,All
SOLAR EL ROMERO,Raw,Rn,pearson,0.7769115604905338,Hourly,all,All
SOLAR ESPERANZA,Raw,Rn,pearson,0.9080417841108293,Hourly,all,All
SOLAR HORMIGA,Raw,Rn,pearson,0.8411811096848033,Hourly,all,All
SOLAR JAMA 1,Raw,Rn,pearson,0.8153287787458513,Hourly,subset_1,S1
SOLAR JAMA 2,Raw,Rn,pearson,0.8162765127293126,Hourly,subset_1,S1
SOLAR JAVIERA,Raw,Rn,pearson,0.7263943355855943,Hourly,all,All
SOLAR LA SILLA,Raw,Rn,pearson,0.7649342079317288,Hourly,all,All
SOLAR LAS TERRAZAS,Raw,Rn,pearson,0.6989106009561671,Hourly,all,All
SOLAR LLANO DE LLAMPOS,Raw,Rn,pearson,0.7829884898997361,Hourly,all,All
SOLAR PSF LOMAS COLORADAS,Raw,Rn,pearson,0.9302194695803973,Hourly,subset_2,S2
SOLAR SAN ANDRES,Raw,Rn,pearson,0.6962794138492849,Hourly,all,All
SOLAR SANTA CECILIA,Raw,Rn,pearson,0.9074462417310956,Hourly,subset_2,S2
SOLAR TECHOS ALTAMIRA,Raw,Rn,pearson,0.5531631808591856,Hourly,all,All
SPS LA HUAYCA,Raw,Rn,pearson,0.9668276716531164,Hourly,subset_2,S2
TAMBO REAL,Raw,Rn,pearson,0.7314470555260291,Hourly,all,All
TILTIL SOLAR,Raw,Rn,pearson,0.7814442426666607,Hourly,subset_1,S1
URIBE SOLAR,Raw,Rn,pearson,0.8213991543362024,Hourly,subset_1,S1
VALLE DE LA LUNA II,Raw,Rn,pearson,0.7892524711287516,Hourly,subset_1,S1
ANDES SOLAR,Raw,Rn,mbe,-0.03364286193778615,Hourly,subset_1,S1
BELLAVISTA,Raw,Rn,mbe,0.08343565612881905,Hourly,all,All
CARRERA PINTO ETAPA I,Raw,Rn,mbe,0.09980527458660522,Hourly,all,All
CHANARES,Raw,Rn,mbe,0.04459067733926155,Hourly,all,All
CONEJO SOLAR,Raw,Rn,mbe,0.002548986196618736,Hourly,all,All
CORDILLERILLA,Raw,Rn,mbe,0.01988673721318513,Hourly,all,All
EL DIVISADERO,Raw,Rn,mbe,-0.12099200430357147,Hourly,all,All
FV BOLERO,Raw,Rn,mbe,-0.03326239752504838,Hourly,all,All
LA CHAPEANA,Raw,Rn,mbe,-0.007122844013466448,Hourly,subset_1,S1
LA QUINTA SOLAR,Raw,Rn,mbe,-0.028896031156553075,Hourly,subset_1,S1
LALACKAMA,Raw,Rn,mbe,-0.002623045254998732,Hourly,subset_1,S1
LALACKAMA 2,Raw,Rn,mbe,0.004623923452369461,Hourly,subset_1,S1
LAS ARAUCARIAS,Raw,Rn,mbe,0.11031913766401401,Hourly,subset_1,S1
LAS MOLLACAS,Raw,Rn,mbe,0.049628462594722436,Hourly,subset_2,S2
LAS TURCAS,Raw,Rn,mbe,-0.038328007029788384,Hourly,all,All
LOS PUQUIOS,Raw,Rn,mbe,0.11234637632744833,Hourly,all,All
LUNA DEL NORTE,Raw,Rn,mbe,0.05025231548246501,Hourly,subset_2,S2
LUZ DEL NORTE,Raw,Rn,mbe,0.029179025841990145,Hourly,all,All
MARIA ELENA FV,Raw,Rn,mbe,-0.10450742119370378,Hourly,subset_1,S1
PAMPA SOLAR NORTE,Raw,Rn,mbe,-0.02697439243086014,Hourly,all,All
PARQUE SOLAR CUZ CUZ,Raw,Rn,mbe,0.02504929340663897,Hourly,all,All
PARQUE SOLAR FINIS TERRAE,Raw,Rn,mbe,-0.030397746406099706,Hourly,all,All
PARQUE SOLAR PAMPA CAMARONES,Raw,Rn,mbe,-0.06967720801382354,Hourly,all,All
PFV LAGUNILLA,Raw,Rn,mbe,-0.03762230981786991,Hourly,all,All
PFV LOS LOROS,Raw,Rn,mbe,0.09191056462866576,Hourly,all,All
PILOTO SOLAR CARDONES,Raw,Rn,mbe,0.16342356369691982,Hourly,subset_1,S1
PLANTA PV CERRO DOMINADOR,Raw,Rn,mbe,-0.07456996446968067,Hourly,all,All
PMGD PICA PILOT,Raw,Rn,mbe,0.35595086337369763,Hourly,all,All
PUERTO SECO SOLAR,Raw,Rn,mbe,-0.18377766680813565,Hourly,subset_1,S1
PV SALVADOR,Raw,Rn,mbe,-0.023792779580014443,Hourly,all,All
QUILAPILUN,Raw,Rn,mbe,0.05758690418909696,Hourly,all,All
SAN FRANCISCO SOLAR,Raw,Rn,mbe,-0.02567959913347616,Hourly,subset_1,S1
SANTA JULIA,Raw,Rn,mbe,-0.028987275820970337,Hourly,subset_1,S1
SDGX01,Raw,Rn,mbe,0.026770612353771997,Hourly,all,All
SOL DEL NORTE,Raw,Rn,mbe,0.04676007869850456,Hourly,subset_2,S2
SOLAR ANTAY,Raw,Rn,mbe,-0.0737967660519065,Hourly,all,All
SOLAR CHUCHINI,Raw,Rn,mbe,0.06402424601287098,Hourly,subset_1,S1
SOLAR DIEGO DE ALMAGRO,Raw,Rn,mbe,0.12842621814237504,Hourly,all,All
SOLAR EL AGUILA I,Raw,Rn,mbe,0.0592150026799732,Hourly,all,All
SOLAR EL ROMERO,Raw,Rn,mbe,0.14610033295192296,Hourly,all,All
SOLAR ESPERANZA,Raw,Rn,mbe,0.08920026231847572,Hourly,all,All
SOLAR HORMIGA,Raw,Rn,mbe,0.1045163432605149,Hourly,all,All
SOLAR JAMA 1,Raw,Rn,mbe,-0.12424738311078967,Hourly,subset_1,S1
SOLAR JAMA 2,Raw,Rn,mbe,-0.07950926322961542,Hourly,subset_1,S1
SOLAR JAVIERA,Raw,Rn,mbe,0.020677887629416948,Hourly,all,All
SOLAR LA SILLA,Raw,Rn,mbe,-0.023269349118456677,Hourly,all,All
SOLAR LAS TERRAZAS,Raw,Rn,mbe,0.07834946923690854,Hourly,all,All
SOLAR LLANO DE LLAMPOS,Raw,Rn,mbe,-0.052860496924813885,Hourly,all,All
SOLAR PSF LOMAS COLORADAS,Raw,Rn,mbe,0.041914827507447884,Hourly,subset_2,S2
SOLAR SAN ANDRES,Raw,Rn,mbe,0.09027783858564044,Hourly,all,All
SOLAR SANTA CECILIA,Raw,Rn,mbe,0.03484472454459064,Hourly,subset_2,S2
SOLAR TECHOS ALTAMIRA,Raw,Rn,mbe,0.1594196599020715,Hourly,all,All
SPS LA HUAYCA,Raw,Rn,mbe,0.006105972251746701,Hourly,subset_2,S2
TAMBO REAL,Raw,Rn,mbe,0.14472951533415174,Hourly,all,All
TILTIL SOLAR,Raw,Rn,mbe,-0.02148565301957736,Hourly,subset_1,S1
URIBE SOLAR,Raw,Rn,mbe,-0.15072131173088532,Hourly,subset_1,S1
VALLE DE LA LUNA II,Raw,Rn,mbe,-0.0054432051783860685,Hourly,subset_1,S1
ANDES SOLAR,Raw,Rn,rmse,0.19969073336296966,Hourly,subset_1,S1
BELLAVISTA,Raw,Rn,rmse,0.22420929055755787,Hourly,all,All
CARRERA PINTO ETAPA I,Raw,Rn,rmse,0.2903497085118491,Hourly,all,All
CHANARES,Raw,Rn,rmse,0.21836751178629946,Hourly,all,All
CONEJO SOLAR,Raw,Rn,rmse,0.25100297153023104,Hourly,all,All
CORDILLERILLA,Raw,Rn,rmse,0.21935702708934626,Hourly,all,All
EL DIVISADERO,Raw,Rn,rmse,0.2684264577657373,Hourly,all,All
FV BOLERO,Raw,Rn,rmse,0.20148246990596533,Hourly,all,All
LA CHAPEANA,Raw,Rn,rmse,0.21650822964484007,Hourly,subset_1,S1
LA QUINTA SOLAR,Raw,Rn,rmse,0.22391992239576156,Hourly,subset_1,S1
LALACKAMA,Raw,Rn,rmse,0.2307826922179605,Hourly,subset_1,S1
LALACKAMA 2,Raw,Rn,rmse,0.23517369430948706,Hourly,subset_1,S1
LAS ARAUCARIAS,Raw,Rn,rmse,0.21800273229982,Hourly,subset_1,S1
LAS MOLLACAS,Raw,Rn,rmse,0.17666516548962438,Hourly,subset_2,S2
LAS TURCAS,Raw,Rn,rmse,0.2428179825398468,Hourly,all,All
LOS PUQUIOS,Raw,Rn,rmse,0.20339807796523965,Hourly,all,All
LUNA DEL NORTE,Raw,Rn,rmse,0.12863044589508715,Hourly,subset_2,S2
LUZ DEL NORTE,Raw,Rn,rmse,0.2671215108515828,Hourly,all,All
MARIA ELENA FV,Raw,Rn,rmse,0.20584924184976836,Hourly,subset_1,S1
PAMPA SOLAR NORTE,Raw,Rn,rmse,0.25071320555117826,Hourly,all,All
PARQUE SOLAR CUZ CUZ,Raw,Rn,rmse,0.19552847406035007,Hourly,all,All
PARQUE SOLAR FINIS TERRAE,Raw,Rn,rmse,0.2200994684381468,Hourly,all,All
PARQUE SOLAR PAMPA CAMARONES,Raw,Rn,rmse,0.2015328627087782,Hourly,all,All
PFV LAGUNILLA,Raw,Rn,rmse,0.2256337007951209,Hourly,all,All
PFV LOS LOROS,Raw,Rn,rmse,0.20386784688633397,Hourly,all,All
PILOTO SOLAR CARDONES,Raw,Rn,rmse,0.2789671626654856,Hourly,subset_1,S1
PLANTA PV CERRO DOMINADOR,Raw,Rn,rmse,0.2324057876407273,Hourly,all,All
PMGD PICA PILOT,Raw,Rn,rmse,0.4307010976298761,Hourly,all,All
PUERTO SECO SOLAR,Raw,Rn,rmse,0.27280327577422364,Hourly,subset_1,S1
PV SALVADOR,Raw,Rn,rmse,0.2367480066246631,Hourly,all,All
QUILAPILUN,Raw,Rn,rmse,0.22416903521732687,Hourly,all,All
SAN FRANCISCO SOLAR,Raw,Rn,rmse,0.22705204920876074,Hourly,subset_1,S1
SANTA JULIA,Raw,Rn,rmse,0.21945276290202165,Hourly,subset_1,S1
SDGX01,Raw,Rn,rmse,0.16170818385980745,Hourly,all,All
SOL DEL NORTE,Raw,Rn,rmse,0.12958789692195685,Hourly,subset_2,S2
SOLAR ANTAY,Raw,Rn,rmse,0.1646416987529812,Hourly,all,All
SOLAR CHUCHINI,Raw,Rn,rmse,0.142401134958647,Hourly,subset_1,S1
SOLAR DIEGO DE ALMAGRO,Raw,Rn,rmse,0.22254032925114264,Hourly,all,All
SOLAR EL AGUILA I,Raw,Rn,rmse,0.15662161448978648,Hourly,all,All
SOLAR EL ROMERO,Raw,Rn,rmse,0.2494035559798771,Hourly,all,All
SOLAR ESPERANZA,Raw,Rn,rmse,0.15224401327558554,Hourly,all,All
SOLAR HORMIGA,Raw,Rn,rmse,0.20544622724098185,Hourly,all,All
SOLAR JAMA 1,Raw,Rn,rmse,0.2341920965654955,Hourly,subset_1,S1
SOLAR JAMA 2,Raw,Rn,rmse,0.2098386436215509,Hourly,subset_1,S1
SOLAR JAVIERA,Raw,Rn,rmse,0.22849430357944456,Hourly,all,All
SOLAR LA SILLA,Raw,Rn,rmse,0.2066485412161813,Hourly,all,All
SOLAR LAS TERRAZAS,Raw,Rn,rmse,0.26580613652994545,Hourly,all,All
SOLAR LLANO DE LLAMPOS,Raw,Rn,rmse,0.2100303597420736,Hourly,all,All
SOLAR PSF LOMAS COLORADAS,Raw,Rn,rmse,0.12253587825501035,Hourly,subset_2,S2
SOLAR SAN ANDRES,Raw,Rn,rmse,0.24977581901827395,Hourly,all,All
SOLAR SANTA CECILIA,Raw,Rn,rmse,0.13569490835164014,Hourly,subset_2,S2
SOLAR TECHOS ALTAMIRA,Raw,Rn,rmse,0.3174377885959523,Hourly,all,All
SPS LA HUAYCA,Raw,Rn,rmse,0.0807970690448146,Hourly,subset_2,S2
TAMBO REAL,Raw,Rn,rmse,0.2602870384918033,Hourly,all,All
TILTIL SOLAR,Raw,Rn,rmse,0.21592613123278512,Hourly,subset_1,S1
URIBE SOLAR,Raw,Rn,rmse,0.24960593639635464,Hourly,subset_1,S1
VALLE DE LA LUNA II,Raw,Rn,rmse,0.20898974784731206,Hourly,subset_1,S1
ANDES SOLAR,Raw,Rn,pearson,0.3856286434498915,Daily,subset_1,S1
BELLAVISTA,Raw,Rn,pearson,0.5213500342739028,Daily,all,All
CARRERA PINTO ETAPA I,Raw,Rn,pearson,0.2433138198739269,Daily,all,All
CHANARES,Raw,Rn,pearson,0.3214236822946765,Daily,all,All
CONEJO SOLAR,Raw,Rn,pearson,0.36733100071570735,Daily,all,All
CORDILLERILLA,Raw,Rn,pearson,0.6690333551688753,Daily,all,All
EL DIVISADERO,Raw,Rn,pearson,0.5608895840016079,Daily,all,All
FV BOLERO,Raw,Rn,pearson,0.36738785044619976,Daily,all,All
LA CHAPEANA,Raw,Rn,pearson,0.5768951906900358,Daily,subset_1,S1
LA QUINTA SOLAR,Raw,Rn,pearson,0.5170388856529814,Daily,subset_1,S1
LALACKAMA,Raw,Rn,pearson,0.4564610104029002,Daily,subset_1,S1
LALACKAMA 2,Raw,Rn,pearson,0.3978367279460339,Daily,subset_1,S1
LAS ARAUCARIAS,Raw,Rn,pearson,0.5883999221658479,Daily,subset_1,S1
LAS MOLLACAS,Raw,Rn,pearson,0.6167995091584048,Daily,subset_2,S2
LAS TURCAS,Raw,Rn,pearson,0.6333196577916564,Daily,all,All
LOS PUQUIOS,Raw,Rn,pearson,0.3428256655682996,Daily,all,All
LUNA DEL NORTE,Raw,Rn,pearson,0.7361101199554853,Daily,subset_2,S2
LUZ DEL NORTE,Raw,Rn,pearson,0.21973440372530248,Daily,all,All
MARIA ELENA FV,Raw,Rn,pearson,0.394774488579308,Daily,subset_1,S1
PAMPA SOLAR NORTE,Raw,Rn,pearson,0.35063421294373104,Daily,all,All
PARQUE SOLAR CUZ CUZ,Raw,Rn,pearson,0.606645190388866,Daily,all,All
PARQUE SOLAR FINIS TERRAE,Raw,Rn,pearson,0.29216503499921503,Daily,all,All
PARQUE SOLAR PAMPA CAMARONES,Raw,Rn,pearson,0.5187321464409169,Daily,all,All
PFV LAGUNILLA,Raw,Rn,pearson,0.5693127476272096,Daily,all,All
PFV LOS LOROS,Raw,Rn,pearson,0.8481656347326575,Daily,all,All
PILOTO SOLAR CARDONES,Raw,Rn,pearson,0.0835245376886503,Daily,subset_1,S1
PLANTA PV CERRO DOMINADOR,Raw,Rn,pearson,0.033507935293850405,Daily,all,All
PMGD PICA PILOT,Raw,Rn,pearson,0.19280150587289285,Daily,all,All
PUERTO SECO SOLAR,Raw,Rn,pearson,0.4162044104436808,Daily,subset_1,S1
PV SALVADOR,Raw,Rn,pearson,0.3659764377354546,Daily,all,All
QUILAPILUN,Raw,Rn,pearson,0.4803756251860928,Daily,all,All
SAN FRANCISCO SOLAR,Raw,Rn,pearson,0.5063746103466045,Daily,subset_1,S1
SANTA JULIA,Raw,Rn,pearson,0.6557639951861423,Daily,subset_1,S1
SDGX01,Raw,Rn,pearson,0.3972623577583472,Daily,all,All
SOL DEL NORTE,Raw,Rn,pearson,0.7200079437157783,Daily,subset_2,S2
SOLAR ANTAY,Raw,Rn,pearson,0.4354995331838051,Daily,all,All
SOLAR CHUCHINI,Raw,Rn,pearson,0.7033805063642318,Daily,subset_1,S1
SOLAR DIEGO DE ALMAGRO,Raw,Rn,pearson,0.21836425533868128,Daily,all,All
SOLAR EL AGUILA I,Raw,Rn,pearson,0.2476232782266587,Daily,all,All
SOLAR EL ROMERO,Raw,Rn,pearson,0.3729515218149709,Daily,all,All
SOLAR ESPERANZA,Raw,Rn,pearson,0.5499325233659599,Daily,all,All
SOLAR HORMIGA,Raw,Rn,pearson,0.4859652987987173,Daily,all,All
SOLAR JAMA 1,Raw,Rn,pearson,0.4590633010773136,Daily,subset_1,S1
SOLAR JAMA 2,Raw,Rn,pearson,0.4357414148082797,Daily,subset_1,S1
SOLAR JAVIERA,Raw,Rn,pearson,0.3796025343788556,Daily,all,All
SOLAR LA SILLA,Raw,Rn,pearson,0.5036331989254152,Daily,all,All
SOLAR LAS TERRAZAS,Raw,Rn,pearson,-0.16511461198492072,Daily,all,All
SOLAR LLANO DE LLAMPOS,Raw,Rn,pearson,0.450603657397486,Daily,all,All
SOLAR PSF LOMAS COLORADAS,Raw,Rn,pearson,0.7847199445063495,Daily,subset_2,S2
SOLAR SAN ANDRES,Raw,Rn,pearson,0.3211869498536255,Daily,all,All
SOLAR SANTA CECILIA,Raw,Rn,pearson,0.6942630631275171,Daily,subset_2,S2
SOLAR TECHOS ALTAMIRA,Raw,Rn,pearson,0.11523494353405815,Daily,all,All
SPS LA HUAYCA,Raw,Rn,pearson,0.7677312383769251,Daily,subset_2,S2
TAMBO REAL,Raw,Rn,pearson,0.10111575474021953,Daily,all,All
TILTIL SOLAR,Raw,Rn,pearson,0.61583332820532,Daily,subset_1,S1
URIBE SOLAR,Raw,Rn,pearson,0.5567254930820201,Daily,subset_1,S1
VALLE DE LA LUNA II,Raw,Rn,pearson,0.6083080163046988,Daily,subset_1,S1
ANDES SOLAR,Raw,Rn,mbe,-0.025927473583093184,Daily,subset_1,S1
BELLAVISTA,Raw,Rn,mbe,0.1006242774566474,Daily,all,All
CARRERA PINTO ETAPA I,Raw,Rn,mbe,0.1075468550592525,Daily,all,All
CHANARES,Raw,Rn,mbe,0.05116482240437157,Daily,all,All
CONEJO SOLAR,Raw,Rn,mbe,0.011739702760084923,Daily,all,All
CORDILLERILLA,Raw,Rn,mbe,0.03217771260997067,Daily,all,All
EL DIVISADERO,Raw,Rn,mbe,-0.12011786666666666,Daily,all,All
FV BOLERO,Raw,Rn,mbe,-0.024898673300165836,Daily,all,All
LA CHAPEANA,Raw,Rn,mbe,0.0028635160680529283,Daily,subset_1,S1
LA QUINTA SOLAR,Raw,Rn,mbe,-0.01387933194154489,Daily,subset_1,S1
LALACKAMA,Raw,Rn,mbe,6.800835654596096e-4,Daily,subset_1,S1
LALACKAMA 2,Raw,Rn,mbe,0.00818616144975288,Daily,subset_1,S1
LAS ARAUCARIAS,Raw,Rn,mbe,0.12074113475177305,Daily,subset_1,S1
LAS MOLLACAS,Raw,Rn,mbe,0.05287732342007435,Daily,subset_2,S2
LAS TURCAS,Raw,Rn,mbe,-0.02509610983981694,Daily,all,All
LOS PUQUIOS,Raw,Rn,mbe,0.11210315955766192,Daily,all,All
LUNA DEL NORTE,Raw,Rn,mbe,0.053601886792452834,Daily,subset_2,S2
LUZ DEL NORTE,Raw,Rn,mbe,0.03964633744855967,Daily,all,All
MARIA ELENA FV,Raw,Rn,mbe,-0.0980932296431839,Daily,subset_1,S1
PAMPA SOLAR NORTE,Raw,Rn,mbe,-0.01999551345962114,Daily,all,All
PARQUE SOLAR CUZ CUZ,Raw,Rn,mbe,0.03466327433628318,Daily,all,All
PARQUE SOLAR FINIS TERRAE,Raw,Rn,mbe,-0.02552758936755271,Daily,all,All
PARQUE SOLAR PAMPA CAMARONES,Raw,Rn,mbe,-0.06468014477766287,Daily,all,All
PFV LAGUNILLA,Raw,Rn,mbe,-0.025734519104084325,Daily,all,All
PFV LOS LOROS,Raw,Rn,mbe,0.0963412972972973,Daily,all,All
PILOTO SOLAR CARDONES,Raw,Rn,mbe,0.19239896602658788,Daily,subset_1,S1
PLANTA PV CERRO DOMINADOR,Raw,Rn,mbe,-0.06781641221374045,Daily,all,All
PMGD PICA PILOT,Raw,Rn,mbe,0.3486672131147541,Daily,all,All
PUERTO SECO SOLAR,Raw,Rn,mbe,-0.1767106032906764,Daily,subset_1,S1
PV SALVADOR,Raw,Rn,mbe,-0.016279169503063313,Daily,all,All
QUILAPILUN,Raw,Rn,mbe,0.07011227272727273,Daily,all,All
SAN FRANCISCO SOLAR,Raw,Rn,mbe,-0.011973695198329859,Daily,subset_1,S1
SANTA JULIA,Raw,Rn,mbe,-0.015908517350157726,Daily,subset_1,S1
SDGX01,Raw,Rn,mbe,0.03790337995337995,Daily,all,All
SOL DEL NORTE,Raw,Rn,mbe,0.05001280918727916,Daily,subset_2,S2
SOLAR ANTAY,Raw,Rn,mbe,-0.06970558035714285,Daily,all,All
SOLAR CHUCHINI,Raw,Rn,mbe,0.07015756880733945,Daily,subset_1,S1
SOLAR DIEGO DE ALMAGRO,Raw,Rn,mbe,0.1380384990848078,Daily,all,All
SOLAR EL AGUILA I,Raw,Rn,mbe,0.0617330593607306,Daily,all,All
SOLAR EL ROMERO,Raw,Rn,mbe,0.14765252263906856,Daily,all,All
SOLAR ESPERANZA,Raw,Rn,mbe,0.08991065651760229,Daily,all,All
SOLAR HORMIGA,Raw,Rn,mbe,0.1099473829201102,Daily,all,All
SOLAR JAMA 1,Raw,Rn,mbe,-0.11763555758683727,Daily,subset_1,S1
SOLAR JAMA 2,Raw,Rn,mbe,-0.0727720821661998,Daily,subset_1,S1
SOLAR JAVIERA,Raw,Rn,mbe,0.026154214285714284,Daily,all,All
SOLAR LA SILLA,Raw,Rn,mbe,-0.009970030895983528,Daily,all,All
SOLAR LAS TERRAZAS,Raw,Rn,mbe,0.14507424657534246,Daily,all,All
SOLAR LLANO DE LLAMPOS,Raw,Rn,mbe,-0.04407344789356985,Daily,all,All
SOLAR PSF LOMAS COLORADAS,Raw,Rn,mbe,0.04459467821782178,Daily,subset_2,S2
SOLAR SAN ANDRES,Raw,Rn,mbe,0.09321299597469808,Daily,all,All
SOLAR SANTA CECILIA,Raw,Rn,mbe,0.036268761220825854,Daily,subset_2,S2
SOLAR TECHOS ALTAMIRA,Raw,Rn,mbe,0.19109346049046325,Daily,all,All
SPS LA HUAYCA,Raw,Rn,mbe,0.006986184812442819,Daily,subset_2,S2
TAMBO REAL,Raw,Rn,mbe,0.156047403210576,Daily,all,All
TILTIL SOLAR,Raw,Rn,mbe,-0.0076943584070796435,Daily,subset_1,S1
URIBE SOLAR,Raw,Rn,mbe,-0.1404828451882845,Daily,subset_1,S1
VALLE DE LA LUNA II,Raw,Rn,mbe,0.005902070393374746,Daily,subset_1,S1
ANDES SOLAR,Raw,Rn,rmse,0.11403351037722607,Daily,subset_1,S1
BELLAVISTA,Raw,Rn,rmse,0.18770745126423616,Daily,all,All
CARRERA PINTO ETAPA I,Raw,Rn,rmse,0.2019048065137269,Daily,all,All
CHANARES,Raw,Rn,rmse,0.14168841052192488,Daily,all,All
CONEJO SOLAR,Raw,Rn,rmse,0.15569494617125385,Daily,all,All
CORDILLERILLA,Raw,Rn,rmse,0.15999840789163886,Daily,all,All
EL DIVISADERO,Raw,Rn,rmse,0.18689751487557735,Daily,all,All
FV BOLERO,Raw,Rn,rmse,0.13363008674291407,Daily,all,All
LA CHAPEANA,Raw,Rn,rmse,0.12597799512295188,Daily,subset_1,S1
LA QUINTA SOLAR,Raw,Rn,rmse,0.15387963208008493,Daily,subset_1,S1
LALACKAMA,Raw,Rn,rmse,0.11387417872102168,Daily,subset_1,S1
LALACKAMA 2,Raw,Rn,rmse,0.1146744418395077,Daily,subset_1,S1
LAS ARAUCARIAS,Raw,Rn,rmse,0.17246841489709308,Daily,subset_1,S1
LAS MOLLACAS,Raw,Rn,rmse,0.10823764865960732,Daily,subset_2,S2
LAS TURCAS,Raw,Rn,rmse,0.15571020639407696,Daily,all,All
LOS PUQUIOS,Raw,Rn,rmse,0.16009431249783615,Daily,all,All
LUNA DEL NORTE,Raw,Rn,rmse,0.09364650413042153,Daily,subset_2,S2
LUZ DEL NORTE,Raw,Rn,rmse,0.16521436238745907,Daily,all,All
MARIA ELENA FV,Raw,Rn,rmse,0.13462861569092407,Daily,subset_1,S1
PAMPA SOLAR NORTE,Raw,Rn,rmse,0.1474579194751918,Daily,all,All
PARQUE SOLAR CUZ CUZ,Raw,Rn,rmse,0.128402096755962,Daily,all,All
PARQUE SOLAR FINIS TERRAE,Raw,Rn,rmse,0.1549182615855394,Daily,all,All
PARQUE SOLAR PAMPA CAMARONES,Raw,Rn,rmse,0.1296087176058034,Daily,all,All
PFV LAGUNILLA,Raw,Rn,rmse,0.15395208291540616,Daily,all,All
PFV LOS LOROS,Raw,Rn,rmse,0.14319480765914852,Daily,all,All
PILOTO SOLAR CARDONES,Raw,Rn,rmse,0.2678513137501769,Daily,subset_1,S1
PLANTA PV CERRO DOMINADOR,Raw,Rn,rmse,0.16364073663676446,Daily,all,All
PMGD PICA PILOT,Raw,Rn,rmse,0.3710885133685741,Daily,all,All
PUERTO SECO SOLAR,Raw,Rn,rmse,0.20384884724435387,Daily,subset_1,S1
PV SALVADOR,Raw,Rn,rmse,0.12850969658779238,Daily,all,All
QUILAPILUN,Raw,Rn,rmse,0.1729465178103545,Daily,all,All
SAN FRANCISCO SOLAR,Raw,Rn,rmse,0.15979673845245326,Daily,subset_1,S1
SANTA JULIA,Raw,Rn,rmse,0.1424558984646149,Daily,subset_1,S1
SDGX01,Raw,Rn,rmse,0.13069119606769128,Daily,all,All
SOL DEL NORTE,Raw,Rn,rmse,0.09361624257872296,Daily,subset_2,S2
SOLAR ANTAY,Raw,Rn,rmse,0.10639003891090693,Daily,all,All
SOLAR CHUCHINI,Raw,Rn,rmse,0.1110486089739348,Daily,subset_1,S1
SOLAR DIEGO DE ALMAGRO,Raw,Rn,rmse,0.19464788087462206,Daily,all,All
SOLAR EL AGUILA I,Raw,Rn,rmse,0.1287507236846266,Daily,all,All
SOLAR EL ROMERO,Raw,Rn,rmse,0.1916905273259328,Daily,all,All
SOLAR ESPERANZA,Raw,Rn,rmse,0.12068317814096385,Daily,all,All
SOLAR HORMIGA,Raw,Rn,rmse,0.1679611872225936,Daily,all,All
SOLAR JAMA 1,Raw,Rn,rmse,0.1514877428205427,Daily,subset_1,S1
SOLAR JAMA 2,Raw,Rn,rmse,0.11991797932214285,Daily,subset_1,S1
SOLAR JAVIERA,Raw,Rn,rmse,0.1262941938774022,Daily,all,All
SOLAR LA SILLA,Raw,Rn,rmse,0.1370485732936048,Daily,all,All
SOLAR LAS TERRAZAS,Raw,Rn,rmse,0.3158513561874944,Daily,all,All
SOLAR LLANO DE LLAMPOS,Raw,Rn,rmse,0.12574681428434184,Daily,all,All
SOLAR PSF LOMAS COLORADAS,Raw,Rn,rmse,0.0877596532164597,Daily,subset_2,S2
SOLAR SAN ANDRES,Raw,Rn,rmse,0.17829956629826854,Daily,all,All
SOLAR SANTA CECILIA,Raw,Rn,rmse,0.0884616270898563,Daily,subset_2,S2
SOLAR TECHOS ALTAMIRA,Raw,Rn,rmse,0.2781338170080865,Daily,all,All
SPS LA HUAYCA,Raw,Rn,rmse,0.05011783470882585,Daily,subset_2,S2
TAMBO REAL,Raw,Rn,rmse,0.2263511307897988,Daily,all,All
TILTIL SOLAR,Raw,Rn,rmse,0.13664555187544575,Daily,subset_1,S1
URIBE SOLAR,Raw,Rn,rmse,0.17990474862383665,Daily,subset_1,S1
VALLE DE LA LUNA II,Raw,Rn,rmse,0.14076724449300415,Daily,subset_1,S1
ANDES SOLAR,Raw,Rn,pearson,0.18260903247617255,Monthly,subset_1,S1
BELLAVISTA,Raw,Rn,pearson,0.4737149386284956,Monthly,all,All
CARRERA PINTO ETAPA I,Raw,Rn,pearson,0.13001035293523458,Monthly,all,All
CHANARES,Raw,Rn,pearson,0.24663714497061626,Monthly,all,All
CONEJO SOLAR,Raw,Rn,pearson,0.4052027065581218,Monthly,all,All
CORDILLERILLA,Raw,Rn,pearson,0.6829758445102668,Monthly,all,All
EL DIVISADERO,Raw,Rn,pearson,0.4105636510402649,Monthly,all,All
FV BOLERO,Raw,Rn,pearson,0.09228805454474932,Monthly,all,All
LA CHAPEANA,Raw,Rn,pearson,0.6399104173696321,Monthly,subset_1,S1
LA QUINTA SOLAR,Raw,Rn,pearson,0.3740904233962909,Monthly,subset_1,S1
LALACKAMA,Raw,Rn,pearson,0.42935133335853243,Monthly,subset_1,S1
LALACKAMA 2,Raw,Rn,pearson,0.4038092726698749,Monthly,subset_1,S1
LAS ARAUCARIAS,Raw,Rn,pearson,0.6927696521494576,Monthly,subset_1,S1
LAS MOLLACAS,Raw,Rn,pearson,0.8472018823858772,Monthly,subset_2,S2
LAS TURCAS,Raw,Rn,pearson,0.7347724882009252,Monthly,all,All
LOS PUQUIOS,Raw,Rn,pearson,0.01890938522914959,Monthly,all,All
LUNA DEL NORTE,Raw,Rn,pearson,0.8357163670703167,Monthly,subset_2,S2
LUZ DEL NORTE,Raw,Rn,pearson,-0.045071408459974205,Monthly,all,All
MARIA ELENA FV,Raw,Rn,pearson,0.0659643360956049,Monthly,subset_1,S1
PAMPA SOLAR NORTE,Raw,Rn,pearson,0.0629242274180819,Monthly,all,All
PARQUE SOLAR CUZ CUZ,Raw,Rn,pearson,0.6331382044655874,Monthly,all,All
PARQUE SOLAR FINIS TERRAE,Raw,Rn,pearson,0.15602133365342086,Monthly,all,All
PARQUE SOLAR PAMPA CAMARONES,Raw,Rn,pearson,0.4996722745033316,Monthly,all,All
PFV LAGUNILLA,Raw,Rn,pearson,0.6320093585786348,Monthly,all,All
PFV LOS LOROS,Raw,Rn,pearson,0.8983505392057541,Monthly,all,All
PILOTO SOLAR CARDONES,Raw,Rn,pearson,0.1839750053214481,Monthly,subset_1,S1
PLANTA PV CERRO DOMINADOR,Raw,Rn,pearson,-0.29726016659956844,Monthly,all,All
PMGD PICA PILOT,Raw,Rn,pearson,0.2247742450651223,Monthly,all,All
PUERTO SECO SOLAR,Raw,Rn,pearson,0.15590712722845634,Monthly,subset_1,S1
PV SALVADOR,Raw,Rn,pearson,0.0474390776019471,Monthly,all,All
QUILAPILUN,Raw,Rn,pearson,0.12849877983311692,Monthly,all,All
SAN FRANCISCO SOLAR,Raw,Rn,pearson,0.4447612153288005,Monthly,subset_1,S1
SANTA JULIA,Raw,Rn,pearson,0.7533239705670444,Monthly,subset_1,S1
SDGX01,Raw,Rn,pearson,0.5432974010265708,Monthly,all,All
SOL DEL NORTE,Raw,Rn,pearson,0.8461496749578107,Monthly,subset_2,S2
SOLAR ANTAY,Raw,Rn,pearson,-0.3939729258640379,Monthly,all,All
SOLAR CHUCHINI,Raw,Rn,pearson,0.7375020711269841,Monthly,subset_1,S1
SOLAR DIEGO DE ALMAGRO,Raw,Rn,pearson,-0.1129717678710927,Monthly,all,All
SOLAR EL AGUILA I,Raw,Rn,pearson,-0.031074713454037138,Monthly,all,All
SOLAR EL ROMERO,Raw,Rn,pearson,0.30710280822589736,Monthly,all,All
SOLAR ESPERANZA,Raw,Rn,pearson,0.5169903116831539,Monthly,all,All
SOLAR HORMIGA,Raw,Rn,pearson,-0.11726932934517592,Monthly,all,All
SOLAR JAMA 1,Raw,Rn,pearson,-0.012314437674336962,Monthly,subset_1,S1
SOLAR JAMA 2,Raw,Rn,pearson,0.055023864030065935,Monthly,subset_1,S1
SOLAR JAVIERA,Raw,Rn,pearson,0.2979493788005074,Monthly,all,All
SOLAR LA SILLA,Raw,Rn,pearson,0.3561343724081378,Monthly,all,All
SOLAR LAS TERRAZAS,Raw,Rn,pearson,-0.5929654980845105,Monthly,all,All
SOLAR LLANO DE LLAMPOS,Raw,Rn,pearson,0.2738215200794524,Monthly,all,All
SOLAR PSF LOMAS COLORADAS,Raw,Rn,pearson,0.8227447933690719,Monthly,subset_2,S2
SOLAR SAN ANDRES,Raw,Rn,pearson,0.19705342031656586,Monthly,all,All
SOLAR SANTA CECILIA,Raw,Rn,pearson,0.8961045415343085,Monthly,subset_2,S2
SOLAR TECHOS ALTAMIRA,Raw,Rn,pearson,-0.3500490409423756,Monthly,all,All
SPS LA HUAYCA,Raw,Rn,pearson,0.9279866046093306,Monthly,subset_2,S2
TAMBO REAL,Raw,Rn,pearson,-0.2816731320359269,Monthly,all,All
TILTIL SOLAR,Raw,Rn,pearson,0.5924079002033371,Monthly,subset_1,S1
URIBE SOLAR,Raw,Rn,pearson,0.1451995638580669,Monthly,subset_1,S1
VALLE DE LA LUNA II,Raw,Rn,pearson,0.6176257942426144,Monthly,subset_1,S1
ANDES SOLAR,Raw,Rn,mbe,-0.02518571428571428,Monthly,subset_1,S1
BELLAVISTA,Raw,Rn,mbe,0.109265625,Monthly,all,All
CARRERA PINTO ETAPA I,Raw,Rn,mbe,0.1165945945945946,Monthly,all,All
CHANARES,Raw,Rn,mbe,0.05166530612244898,Monthly,all,All
CONEJO SOLAR,Raw,Rn,mbe,0.011778125000000014,Monthly,all,All
CORDILLERILLA,Raw,Rn,mbe,0.03805,Monthly,all,All
EL DIVISADERO,Raw,Rn,mbe,-0.11667142857142855,Monthly,all,All
FV BOLERO,Raw,Rn,mbe,-0.013909090909090888,Monthly,all,All
LA CHAPEANA,Raw,Rn,mbe,0.0038138888888888845,Monthly,subset_1,S1
LA QUINTA SOLAR,Raw,Rn,mbe,-0.01597499999999999,Monthly,subset_1,S1
LALACKAMA,Raw,Rn,mbe,-4.958333333333341e-4,Monthly,subset_1,S1
LALACKAMA 2,Raw,Rn,mbe,0.005754761904761907,Monthly,subset_1,S1
LAS ARAUCARIAS,Raw,Rn,mbe,0.1157066666666667,Monthly,subset_1,S1
LAS MOLLACAS,Raw,Rn,mbe,0.052038888888888885,Monthly,subset_2,S2
LAS TURCAS,Raw,Rn,mbe,-0.03122666666666668,Monthly,all,All
LOS PUQUIOS,Raw,Rn,mbe,0.11175416666666667,Monthly,all,All
LUNA DEL NORTE,Raw,Rn,mbe,0.054604999999999994,Monthly,subset_2,S2
LUZ DEL NORTE,Raw,Rn,mbe,0.055916279069767434,Monthly,all,All
MARIA ELENA FV,Raw,Rn,mbe,-0.09821388888888888,Monthly,subset_1,S1
PAMPA SOLAR NORTE,Raw,Rn,mbe,-0.008694117647058831,Monthly,all,All
PARQUE SOLAR CUZ CUZ,Raw,Rn,mbe,0.03170666666666668,Monthly,all,All
PARQUE SOLAR FINIS TERRAE,Raw,Rn,mbe,-0.024063888888888888,Monthly,all,All
PARQUE SOLAR PAMPA CAMARONES,Raw,Rn,mbe,-0.06545937499999999,Monthly,all,All
PFV LAGUNILLA,Raw,Rn,mbe,-0.0258888888888889,Monthly,all,All
PFV LOS LOROS,Raw,Rn,mbe,0.10263225806451616,Monthly,all,All
PILOTO SOLAR CARDONES,Raw,Rn,mbe,0.1787434782608695,Monthly,subset_1,S1
PLANTA PV CERRO DOMINADOR,Raw,Rn,mbe,-0.04722777777777777,Monthly,all,All
PMGD PICA PILOT,Raw,Rn,mbe,0.3528625000000001,Monthly,all,All
PUERTO SECO SOLAR,Raw,Rn,mbe,-0.17726111111111112,Monthly,subset_1,S1
PV SALVADOR,Raw,Rn,mbe,-9.960784313725504e-4,Monthly,all,All
QUILAPILUN,Raw,Rn,mbe,0.08185666666666667,Monthly,all,All
SAN FRANCISCO SOLAR,Raw,Rn,mbe,-0.015068750000000013,Monthly,subset_1,S1
SANTA JULIA,Raw,Rn,mbe,-0.01703750000000001,Monthly,subset_1,S1
SDGX01,Raw,Rn,mbe,0.025474193548387092,Monthly,all,All
SOL DEL NORTE,Raw,Rn,mbe,0.047971794871794884,Monthly,subset_2,S2
SOLAR ANTAY,Raw,Rn,mbe,-0.03066666666666667,Monthly,all,All
SOLAR CHUCHINI,Raw,Rn,mbe,0.06910333333333332,Monthly,subset_1,S1
SOLAR DIEGO DE ALMAGRO,Raw,Rn,mbe,0.14671250000000002,Monthly,all,All
SOLAR EL AGUILA I,Raw,Rn,mbe,0.060863888888888884,Monthly,all,All
SOLAR EL ROMERO,Raw,Rn,mbe,0.1498576923076923,Monthly,all,All
SOLAR ESPERANZA,Raw,Rn,mbe,0.08774594594594594,Monthly,all,All
SOLAR HORMIGA,Raw,Rn,mbe,0.121756,Monthly,all,All
SOLAR JAMA 1,Raw,Rn,mbe,-0.11808055555555555,Monthly,subset_1,S1
SOLAR JAMA 2,Raw,Rn,mbe,-0.06782777777777776,Monthly,subset_1,S1
SOLAR JAVIERA,Raw,Rn,mbe,0.03158125,Monthly,all,All
SOLAR LA SILLA,Raw,Rn,mbe,-3.3939393939393564e-4,Monthly,all,All
SOLAR LAS TERRAZAS,Raw,Rn,mbe,0.14452708333333333,Monthly,all,All
SOLAR LLANO DE LLAMPOS,Raw,Rn,mbe,-0.04267666666666668,Monthly,all,All
SOLAR PSF LOMAS COLORADAS,Raw,Rn,mbe,0.044181481481481474,Monthly,subset_2,S2
SOLAR SAN ANDRES,Raw,Rn,mbe,0.09549322033898304,Monthly,all,All
SOLAR SANTA CECILIA,Raw,Rn,mbe,0.03478947368421054,Monthly,subset_2,S2
SOLAR TECHOS ALTAMIRA,Raw,Rn,mbe,0.1977703703703704,Monthly,all,All
SPS LA HUAYCA,Raw,Rn,mbe,0.006258333333333324,Monthly,subset_2,S2
TAMBO REAL,Raw,Rn,mbe,0.14952105263157894,Monthly,all,All
TILTIL SOLAR,Raw,Rn,mbe,-0.0099258064516129,Monthly,subset_1,S1
URIBE SOLAR,Raw,Rn,mbe,-0.14427916666666665,Monthly,subset_1,S1
VALLE DE LA LUNA II,Raw,Rn,mbe,0.004556249999999991,Monthly,subset_1,S1
ANDES SOLAR,Raw,Rn,rmse,0.09216947898921236,Monthly,subset_1,S1
BELLAVISTA,Raw,Rn,rmse,0.1667182737809506,Monthly,all,All
CARRERA PINTO ETAPA I,Raw,Rn,rmse,0.19823995560935745,Monthly,all,All
CHANARES,Raw,Rn,rmse,0.1097726648997084,Monthly,all,All
CONEJO SOLAR,Raw,Rn,rmse,0.11694571791006288,Monthly,all,All
CORDILLERILLA,Raw,Rn,rmse,0.11326964933969938,Monthly,all,All
EL DIVISADERO,Raw,Rn,rmse,0.14573623434136068,Monthly,all,All
FV BOLERO,Raw,Rn,rmse,0.1213309748355524,Monthly,all,All
LA CHAPEANA,Raw,Rn,rmse,0.08672490190891605,Monthly,subset_1,S1
LA QUINTA SOLAR,Raw,Rn,rmse,0.1138520695903241,Monthly,subset_1,S1
LALACKAMA,Raw,Rn,rmse,0.0700102462739086,Monthly,subset_1,S1
LALACKAMA 2,Raw,Rn,rmse,0.06854587792823416,Monthly,subset_1,S1
LAS ARAUCARIAS,Raw,Rn,rmse,0.13850292897023272,Monthly,subset_1,S1
LAS MOLLACAS,Raw,Rn,rmse,0.059758411774224536,Monthly,subset_2,S2
LAS TURCAS,Raw,Rn,rmse,0.102680319438537,Monthly,all,All
LOS PUQUIOS,Raw,Rn,rmse,0.14830436468065716,Monthly,all,All
LUNA DEL NORTE,Raw,Rn,rmse,0.06464567270900659,Monthly,subset_2,S2
LUZ DEL NORTE,Raw,Rn,rmse,0.16971877833914026,Monthly,all,All
MARIA ELENA FV,Raw,Rn,rmse,0.12490315693012373,Monthly,subset_1,S1
PAMPA SOLAR NORTE,Raw,Rn,rmse,0.13220149727727346,Monthly,all,All
PARQUE SOLAR CUZ CUZ,Raw,Rn,rmse,0.08340465214842635,Monthly,all,All
PARQUE SOLAR FINIS TERRAE,Raw,Rn,rmse,0.14635995866356344,Monthly,all,All
PARQUE SOLAR PAMPA CAMARONES,Raw,Rn,rmse,0.10067751579920912,Monthly,all,All
PFV LAGUNILLA,Raw,Rn,rmse,0.11217294187498557,Monthly,all,All
PFV LOS LOROS,Raw,Rn,rmse,0.12237691380427135,Monthly,all,All
PILOTO SOLAR CARDONES,Raw,Rn,rmse,0.2275101994846939,Monthly,subset_1,S1
PLANTA PV CERRO DOMINADOR,Raw,Rn,rmse,0.17966505719749118,Monthly,all,All
PMGD PICA PILOT,Raw,Rn,rmse,0.36680563143168893,Monthly,all,All
PUERTO SECO SOLAR,Raw,Rn,rmse,0.194654019280934,Monthly,subset_1,S1
PV SALVADOR,Raw,Rn,rmse,0.12312906507671804,Monthly,all,All
QUILAPILUN,Raw,Rn,rmse,0.16656024035365305,Monthly,all,All
SAN FRANCISCO SOLAR,Raw,Rn,rmse,0.1096301196067942,Monthly,subset_1,S1
SANTA JULIA,Raw,Rn,rmse,0.09684883840294628,Monthly,subset_1,S1
SDGX01,Raw,Rn,rmse,0.06729069580510727,Monthly,all,All
SOL DEL NORTE,Raw,Rn,rmse,0.0581542841863845,Monthly,subset_2,S2
SOLAR ANTAY,Raw,Rn,rmse,0.1115469009480367,Monthly,all,All
SOLAR CHUCHINI,Raw,Rn,rmse,0.08271752132005245,Monthly,subset_1,S1
SOLAR DIEGO DE ALMAGRO,Raw,Rn,rmse,0.19405435771968635,Monthly,all,All
SOLAR EL AGUILA I,Raw,Rn,rmse,0.11214694601280947,Monthly,all,All
SOLAR EL ROMERO,Raw,Rn,rmse,0.17880324704503034,Monthly,all,All
SOLAR ESPERANZA,Raw,Rn,rmse,0.10516349176401477,Monthly,all,All
SOLAR HORMIGA,Raw,Rn,rmse,0.1656866934910586,Monthly,all,All
SOLAR JAMA 1,Raw,Rn,rmse,0.1413896654639228,Monthly,subset_1,S1
SOLAR JAMA 2,Raw,Rn,rmse,0.10937050181226504,Monthly,subset_1,S1
SOLAR JAVIERA,Raw,Rn,rmse,0.09791329816900936,Monthly,all,All
SOLAR LA SILLA,Raw,Rn,rmse,0.11759508080826778,Monthly,all,All
SOLAR LAS TERRAZAS,Raw,Rn,rmse,0.2831733733510268,Monthly,all,All
SOLAR LLANO DE LLAMPOS,Raw,Rn,rmse,0.10763818560343724,Monthly,all,All
SOLAR PSF LOMAS COLORADAS,Raw,Rn,rmse,0.054743330390306204,Monthly,subset_2,S2
SOLAR SAN ANDRES,Raw,Rn,rmse,0.16513098806807575,Monthly,all,All
SOLAR SANTA CECILIA,Raw,Rn,rmse,0.04571044258595086,Monthly,subset_2,S2
SOLAR TECHOS ALTAMIRA,Raw,Rn,rmse,0.26663862144191425,Monthly,all,All
SPS LA HUAYCA,Raw,Rn,rmse,0.015420558067434231,Monthly,subset_2,S2
TAMBO REAL,Raw,Rn,rmse,0.1979073959416905,Monthly,all,All
TILTIL SOLAR,Raw,Rn,rmse,0.0988074357264609,Monthly,subset_1,S1
URIBE SOLAR,Raw,Rn,rmse,0.16788915614178304,Monthly,subset_1,S1
VALLE DE LA LUNA II,Raw,Rn,rmse,0.10128362713193086,Monthly,subset_1,S1
