Installation,Type,Source,Indicator,Value,Resolution
LAS MOLLACAS,deseasonalized,ERA5-Land,pearson,0.5253118019305115,Hourly
LUNA DEL NORTE,deseasonalized,ERA5-Land,pearson,0.7801451270891921,Hourly
SOL DEL NORTE,deseasonalized,ERA5-Land,pearson,0.7803818885285716,Hourly
SOLAR PSF LOMAS COLORADAS,deseasonalized,ERA5-Land,pearson,0.7877334039192448,Hourly
SOLAR SANTA CECILIA,deseasonalized,ERA5-Land,pearson,0.7314110291586691,Hourly
SPS LA HUAYCA,deseasonalized,ERA5-Land,pearson,0.8474674831128745,Hourly
LAS MOLLACAS,deseasonalized,Rn,pearson,0.4578720277223896,Hourly
LUNA DEL NORTE,deseasonalized,Rn,pearson,0.7441992675741104,Hourly
SOL DEL NORTE,deseasonalized,Rn,pearson,0.7365936538086925,Hourly
SOLAR PSF LOMAS COLORADAS,deseasonalized,Rn,pearson,0.7524330386349322,Hourly
SOLAR SANTA CECILIA,deseasonalized,Rn,pearson,0.7289739845413038,Hourly
SPS LA HUAYCA,deseasonalized,Rn,pearson,0.8400994408183107,Hourly
LAS MOLLACAS,deseasonalized,ERA5-Land,mbe,0.045317203000803434,Hourly
LUNA DEL NORTE,deseasonalized,ERA5-Land,mbe,-0.021172075765082805,Hourly
SOL DEL NORTE,deseasonalized,ERA5-Land,mbe,-0.024595842711730254,Hourly
SOLAR PSF LOMAS COLORADAS,deseasonalized,ERA5-Land,mbe,0.019956235553918972,Hourly
SOLAR SANTA CECILIA,deseasonalized,ERA5-Land,mbe,0.008426535922134276,Hourly
SPS LA HUAYCA,deseasonalized,ERA5-Land,mbe,0.004087019410476045,Hourly
LAS MOLLACAS,deseasonalized,Rn,mbe,0.04962846259472244,Hourly
LUNA DEL NORTE,deseasonalized,Rn,mbe,0.05025231548246501,Hourly
SOL DEL NORTE,deseasonalized,Rn,mbe,0.04676007869850456,Hourly
SOLAR PSF LOMAS COLORADAS,deseasonalized,Rn,mbe,0.04191482750744789,Hourly
SOLAR SANTA CECILIA,deseasonalized,Rn,mbe,0.03484472454459064,Hourly
SPS LA HUAYCA,deseasonalized,Rn,mbe,0.006105972251746701,Hourly
LAS MOLLACAS,deseasonalized,ERA5-Land,rmse,0.17074727417227129,Hourly
LUNA DEL NORTE,deseasonalized,ERA5-Land,rmse,0.1173825278134357,Hourly
SOL DEL NORTE,deseasonalized,ERA5-Land,rmse,0.11849611658977503,Hourly
SOLAR PSF LOMAS COLORADAS,deseasonalized,ERA5-Land,rmse,0.1155275085249886,Hourly
SOLAR SANTA CECILIA,deseasonalized,ERA5-Land,rmse,0.1323781810975676,Hourly
SPS LA HUAYCA,deseasonalized,ERA5-Land,rmse,0.08422149182946909,Hourly
LAS MOLLACAS,deseasonalized,Rn,rmse,0.17666516548962438,Hourly
LUNA DEL NORTE,deseasonalized,Rn,rmse,0.12863044589508715,Hourly
SOL DEL NORTE,deseasonalized,Rn,rmse,0.12958789692195685,Hourly
SOLAR PSF LOMAS COLORADAS,deseasonalized,Rn,rmse,0.12253587825501037,Hourly
SOLAR SANTA CECILIA,deseasonalized,Rn,rmse,0.13569490835164014,Hourly
SPS LA HUAYCA,deseasonalized,Rn,rmse,0.0807970690448146,Hourly
LAS MOLLACAS,deseasonalized,ERA5-Land,pearson,0.7284794883706593,Daily
LUNA DEL NORTE,deseasonalized,ERA5-Land,pearson,0.8755289023815622,Daily
SOL DEL NORTE,deseasonalized,ERA5-Land,pearson,0.8738157687976145,Daily
SOLAR PSF LOMAS COLORADAS,deseasonalized,ERA5-Land,pearson,0.9033079919348534,Daily
SOLAR SANTA CECILIA,deseasonalized,ERA5-Land,pearson,0.8315417618357656,Daily
SPS LA HUAYCA,deseasonalized,ERA5-Land,pearson,0.9120001151786152,Daily
LAS MOLLACAS,deseasonalized,Rn,pearson,0.6860787593837322,Daily
LUNA DEL NORTE,deseasonalized,Rn,pearson,0.8200811566053448,Daily
SOL DEL NORTE,deseasonalized,Rn,pearson,0.8108216643913909,Daily
SOLAR PSF LOMAS COLORADAS,deseasonalized,Rn,pearson,0.83846004732232,Daily
SOLAR SANTA CECILIA,deseasonalized,Rn,pearson,0.7946053675280066,Daily
SPS LA HUAYCA,deseasonalized,Rn,pearson,0.8757966809683423,Daily
LAS MOLLACAS,deseasonalized,ERA5-Land,mbe,0.048505297397769515,Daily
LUNA DEL NORTE,deseasonalized,ERA5-Land,mbe,-0.018145797598627788,Daily
SOL DEL NORTE,deseasonalized,ERA5-Land,mbe,-0.021551148409893993,Daily
SOLAR PSF LOMAS COLORADAS,deseasonalized,ERA5-Land,mbe,0.02162704207920792,Daily
SOLAR SANTA CECILIA,deseasonalized,ERA5-Land,mbe,0.009592040694195095,Daily
SPS LA HUAYCA,deseasonalized,ERA5-Land,mbe,0.004838700823421776,Daily
LAS MOLLACAS,deseasonalized,Rn,mbe,0.05287369888475836,Daily
LUNA DEL NORTE,deseasonalized,Rn,mbe,0.05360077186963979,Daily
SOL DEL NORTE,deseasonalized,Rn,mbe,0.050013780918727914,Daily
SOLAR PSF LOMAS COLORADAS,deseasonalized,Rn,mbe,0.04459566831683168,Daily
SOLAR SANTA CECILIA,deseasonalized,Rn,mbe,0.03626923997606224,Daily
SPS LA HUAYCA,deseasonalized,Rn,mbe,0.006986184812442817,Daily
LAS MOLLACAS,deseasonalized,ERA5-Land,rmse,0.10046555953368476,Daily
LUNA DEL NORTE,deseasonalized,ERA5-Land,rmse,0.06866577566630933,Daily
SOL DEL NORTE,deseasonalized,ERA5-Land,rmse,0.07056141555924443,Daily
SOLAR PSF LOMAS COLORADAS,deseasonalized,ERA5-Land,rmse,0.06337906962542254,Daily
SOLAR SANTA CECILIA,deseasonalized,ERA5-Land,rmse,0.07348328139871464,Daily
SPS LA HUAYCA,deseasonalized,ERA5-Land,rmse,0.04190614759024556,Daily
LAS MOLLACAS,deseasonalized,Rn,rmse,0.10823354631687505,Daily
LUNA DEL NORTE,deseasonalized,Rn,rmse,0.09364576501538831,Daily
SOL DEL NORTE,deseasonalized,Rn,rmse,0.09361456360756391,Daily
SOLAR PSF LOMAS COLORADAS,deseasonalized,Rn,rmse,0.0877623374306264,Daily
SOLAR SANTA CECILIA,deseasonalized,Rn,rmse,0.08846278017878426,Daily
SPS LA HUAYCA,deseasonalized,Rn,rmse,0.05011682153278426,Daily
LAS MOLLACAS,deseasonalized,ERA5-Land,pearson,0.9607505411220381,Monthly
LUNA DEL NORTE,deseasonalized,ERA5-Land,pearson,0.9552127659343836,Monthly
SOL DEL NORTE,deseasonalized,ERA5-Land,pearson,0.9647944180439834,Monthly
SOLAR PSF LOMAS COLORADAS,deseasonalized,ERA5-Land,pearson,0.9628951238955075,Monthly
SOLAR SANTA CECILIA,deseasonalized,ERA5-Land,pearson,0.951731528761607,Monthly
SPS LA HUAYCA,deseasonalized,ERA5-Land,pearson,0.9765474893683724,Monthly
LAS MOLLACAS,deseasonalized,Rn,pearson,0.9482755649838293,Monthly
LUNA DEL NORTE,deseasonalized,Rn,pearson,0.9471310225436056,Monthly
SOL DEL NORTE,deseasonalized,Rn,pearson,0.9597942933719501,Monthly
SOLAR PSF LOMAS COLORADAS,deseasonalized,Rn,pearson,0.9396286001590969,Monthly
SOLAR SANTA CECILIA,deseasonalized,Rn,pearson,0.9526402212962947,Monthly
SPS LA HUAYCA,deseasonalized,Rn,pearson,0.9857248962756218,Monthly
LAS MOLLACAS,deseasonalized,ERA5-Land,mbe,0.10756249999999999,Monthly
LUNA DEL NORTE,deseasonalized,ERA5-Land,mbe,-0.043062500000000004,Monthly
SOL DEL NORTE,deseasonalized,ERA5-Land,mbe,-0.05714374999999999,Monthly
SOLAR PSF LOMAS COLORADAS,deseasonalized,ERA5-Land,mbe,0.07429375000000002,Monthly
SOLAR SANTA CECILIA,deseasonalized,ERA5-Land,mbe,0.02920624999999999,Monthly
SPS LA HUAYCA,deseasonalized,ERA5-Land,mbe,0.009706250000000003,Monthly
LAS MOLLACAS,deseasonalized,Rn,mbe,0.11708749999999998,Monthly
LUNA DEL NORTE,deseasonalized,Rn,mbe,0.13648749999999998,Monthly
SOL DEL NORTE,deseasonalized,Rn,mbe,0.11691250000000002,Monthly
SOLAR PSF LOMAS COLORADAS,deseasonalized,Rn,mbe,0.14909375,Monthly
SOLAR SANTA CECILIA,deseasonalized,Rn,mbe,0.123975,Monthly
SPS LA HUAYCA,deseasonalized,Rn,mbe,0.014100000000000001,Monthly
LAS MOLLACAS,deseasonalized,ERA5-Land,rmse,0.08256733615661825,Monthly
LUNA DEL NORTE,deseasonalized,ERA5-Land,rmse,0.06182889696573925,Monthly
SOL DEL NORTE,deseasonalized,ERA5-Land,rmse,0.0650260476655317,Monthly
SOLAR PSF LOMAS COLORADAS,deseasonalized,ERA5-Land,rmse,0.06336193159145323,Monthly
SOLAR SANTA CECILIA,deseasonalized,ERA5-Land,rmse,0.05746207988752234,Monthly
SPS LA HUAYCA,deseasonalized,ERA5-Land,rmse,0.028337949378880612,Monthly
LAS MOLLACAS,deseasonalized,Rn,rmse,0.08964569147482775,Monthly
LUNA DEL NORTE,deseasonalized,Rn,rmse,0.10219785345103878,Monthly
SOL DEL NORTE,deseasonalized,Rn,rmse,0.09077756468423243,Monthly
SOLAR PSF LOMAS COLORADAS,deseasonalized,Rn,rmse,0.10056409336835886,Monthly
SOLAR SANTA CECILIA,deseasonalized,Rn,rmse,0.08630410621749117,Monthly
SPS LA HUAYCA,deseasonalized,Rn,rmse,0.02315534495532295,Monthly
ANDES SOLAR,Raw,ERA5-Land,pearson,0.7974282424835166,Hourly
BELLAVISTA,Raw,ERA5-Land,pearson,0.7674961297209879,Hourly
CARRERA PINTO ETAPA I,Raw,ERA5-Land,pearson,0.6148117654224342,Hourly
CHANARES,Raw,ERA5-Land,pearson,0.738582963149102,Hourly
CONEJO SOLAR,Raw,ERA5-Land,pearson,0.6682640394215617,Hourly
CORDILLERILLA,Raw,ERA5-Land,pearson,0.7610849470809814,Hourly
EL DIVISADERO,Raw,ERA5-Land,pearson,0.7362220450747002,Hourly
FV BOLERO,Raw,ERA5-Land,pearson,0.7826702891546229,Hourly
LA CHAPEANA,Raw,ERA5-Land,pearson,0.7785145320077007,Hourly
LA QUINTA SOLAR,Raw,ERA5-Land,pearson,0.7794418526426778,Hourly
LALACKAMA,Raw,ERA5-Land,pearson,0.6894889384530316,Hourly
LALACKAMA 2,Raw,ERA5-Land,pearson,0.6775511747606482,Hourly
LAS ARAUCARIAS,Raw,ERA5-Land,pearson,0.8410778319481784,Hourly
LAS MOLLACAS,Raw,ERA5-Land,pearson,0.8748924006593395,Hourly
LAS TURCAS,Raw,ERA5-Land,pearson,0.7373120660103041,Hourly
LOS PUQUIOS,Raw,ERA5-Land,pearson,0.8566104960341372,Hourly
LUNA DEL NORTE,Raw,ERA5-Land,pearson,0.93077880697099,Hourly
LUZ DEL NORTE,Raw,ERA5-Land,pearson,0.6311529235427535,Hourly
MARIA ELENA FV,Raw,ERA5-Land,pearson,0.8228285356420268,Hourly
PAMPA SOLAR NORTE,Raw,ERA5-Land,pearson,0.6812945146252757,Hourly
PARQUE SOLAR CUZ CUZ,Raw,ERA5-Land,pearson,0.8006098397236785,Hourly
PARQUE SOLAR FINIS TERRAE,Raw,ERA5-Land,pearson,0.7593626140895499,Hourly
PARQUE SOLAR PAMPA CAMARONES,Raw,ERA5-Land,pearson,0.7892052531755778,Hourly
PFV LAGUNILLA,Raw,ERA5-Land,pearson,0.7657779096689175,Hourly
PFV LOS LOROS,Raw,ERA5-Land,pearson,0.8435114825535514,Hourly
PILOTO SOLAR CARDONES,Raw,ERA5-Land,pearson,0.5634243475318533,Hourly
PLANTA PV CERRO DOMINADOR,Raw,ERA5-Land,pearson,0.7466488098721713,Hourly
PMGD PICA PILOT,Raw,ERA5-Land,pearson,0.6307039663363867,Hourly
PUERTO SECO SOLAR,Raw,ERA5-Land,pearson,0.8034337737232652,Hourly
PV SALVADOR,Raw,ERA5-Land,pearson,0.6955740684063131,Hourly
QUILAPILUN,Raw,ERA5-Land,pearson,0.7766043524844586,Hourly
SAN FRANCISCO SOLAR,Raw,ERA5-Land,pearson,0.7739996512656163,Hourly
SANTA JULIA,Raw,ERA5-Land,pearson,0.7778489878076894,Hourly
SDGX01,Raw,ERA5-Land,pearson,0.8431734127879961,Hourly
SOL DEL NORTE,Raw,ERA5-Land,pearson,0.931446924499078,Hourly
SOLAR ANTAY,Raw,ERA5-Land,pearson,0.9310233828455656,Hourly
SOLAR CHUCHINI,Raw,ERA5-Land,pearson,0.9330142607577832,Hourly
SOLAR DIEGO DE ALMAGRO,Raw,ERA5-Land,pearson,0.7995632705947792,Hourly
SOLAR EL AGUILA I,Raw,ERA5-Land,pearson,0.8817931465155577,Hourly
SOLAR EL ROMERO,Raw,ERA5-Land,pearson,0.7753892645537636,Hourly
SOLAR ESPERANZA,Raw,ERA5-Land,pearson,0.9155824693623548,Hourly
SOLAR HORMIGA,Raw,ERA5-Land,pearson,0.8587852967999241,Hourly
SOLAR JAMA 1,Raw,ERA5-Land,pearson,0.7891492218212964,Hourly
SOLAR JAMA 2,Raw,ERA5-Land,pearson,0.7918135539368404,Hourly
SOLAR JAVIERA,Raw,ERA5-Land,pearson,0.7103007221052487,Hourly
SOLAR LA SILLA,Raw,ERA5-Land,pearson,0.748599747223134,Hourly
SOLAR LAS TERRAZAS,Raw,ERA5-Land,pearson,0.7002346968259237,Hourly
SOLAR LLANO DE LLAMPOS,Raw,ERA5-Land,pearson,0.7695418860492326,Hourly
SOLAR PSF LOMAS COLORADAS,Raw,ERA5-Land,pearson,0.9378897400814772,Hourly
SOLAR SAN ANDRES,Raw,ERA5-Land,pearson,0.6931971745592348,Hourly
SOLAR SANTA CECILIA,Raw,ERA5-Land,pearson,0.9106928940387456,Hourly
SOLAR TECHOS ALTAMIRA,Raw,ERA5-Land,pearson,0.5699345247514546,Hourly
SPS LA HUAYCA,Raw,ERA5-Land,pearson,0.9686802926280526,Hourly
TAMBO REAL,Raw,ERA5-Land,pearson,0.7389578479828995,Hourly
TILTIL SOLAR,Raw,ERA5-Land,pearson,0.791095426609702,Hourly
URIBE SOLAR,Raw,ERA5-Land,pearson,0.7910151944083167,Hourly
VALLE DE LA LUNA II,Raw,ERA5-Land,pearson,0.7879769887055902,Hourly
ANDES SOLAR,Raw,ERA5-Land,mbe,-0.07289054521853165,Hourly
BELLAVISTA,Raw,ERA5-Land,mbe,0.08071645147114978,Hourly
CARRERA PINTO ETAPA I,Raw,ERA5-Land,mbe,0.08081650028869904,Hourly
CHANARES,Raw,ERA5-Land,mbe,0.0450880281461911,Hourly
CONEJO SOLAR,Raw,ERA5-Land,mbe,0.0013028404465799707,Hourly
CORDILLERILLA,Raw,ERA5-Land,mbe,-0.02015809481355673,Hourly
EL DIVISADERO,Raw,ERA5-Land,mbe,-0.13093487682569507,Hourly
FV BOLERO,Raw,ERA5-Land,mbe,-0.041425252155926115,Hourly
LA CHAPEANA,Raw,ERA5-Land,mbe,-0.023732917461375957,Hourly
LA QUINTA SOLAR,Raw,ERA5-Land,mbe,-0.06265375302156395,Hourly
LALACKAMA,Raw,ERA5-Land,mbe,-0.007019173165896653,Hourly
LALACKAMA 2,Raw,ERA5-Land,mbe,-3.538429702829448e-4,Hourly
LAS ARAUCARIAS,Raw,ERA5-Land,mbe,0.08479968966742515,Hourly
LAS MOLLACAS,Raw,ERA5-Land,mbe,0.04531720300080345,Hourly
LAS TURCAS,Raw,ERA5-Land,mbe,-0.0377375367029381,Hourly
LOS PUQUIOS,Raw,ERA5-Land,mbe,0.10782177671788408,Hourly
LUNA DEL NORTE,Raw,ERA5-Land,mbe,-0.021172075765082805,Hourly
LUZ DEL NORTE,Raw,ERA5-Land,mbe,0.012818386677009592,Hourly
MARIA ELENA FV,Raw,ERA5-Land,mbe,-0.1050079039456046,Hourly
PAMPA SOLAR NORTE,Raw,ERA5-Land,mbe,-0.026894443864706158,Hourly
PARQUE SOLAR CUZ CUZ,Raw,ERA5-Land,mbe,0.02336336150042102,Hourly
PARQUE SOLAR FINIS TERRAE,Raw,ERA5-Land,mbe,-0.03378647794223167,Hourly
PARQUE SOLAR PAMPA CAMARONES,Raw,ERA5-Land,mbe,-0.08090149924621183,Hourly
PFV LAGUNILLA,Raw,ERA5-Land,mbe,-0.05332867657177298,Hourly
PFV LOS LOROS,Raw,ERA5-Land,mbe,0.07319622207685789,Hourly
PILOTO SOLAR CARDONES,Raw,ERA5-Land,mbe,0.17840904440943553,Hourly
PLANTA PV CERRO DOMINADOR,Raw,ERA5-Land,mbe,-0.07477576734668989,Hourly
PMGD PICA PILOT,Raw,ERA5-Land,mbe,0.3461789336617991,Hourly
PUERTO SECO SOLAR,Raw,ERA5-Land,mbe,-0.2121964350271247,Hourly
PV SALVADOR,Raw,ERA5-Land,mbe,-0.032235465187183746,Hourly
QUILAPILUN,Raw,ERA5-Land,mbe,0.02395559829308222,Hourly
SAN FRANCISCO SOLAR,Raw,ERA5-Land,mbe,-0.0593424150522916,Hourly
SANTA JULIA,Raw,ERA5-Land,mbe,-0.04570105684818632,Hourly
SDGX01,Raw,ERA5-Land,mbe,-0.013861100117954805,Hourly
SOL DEL NORTE,Raw,ERA5-Land,mbe,-0.024595842711730254,Hourly
SOLAR ANTAY,Raw,ERA5-Land,mbe,-0.06752760966071318,Hourly
SOLAR CHUCHINI,Raw,ERA5-Land,mbe,0.04344582868664903,Hourly
SOLAR DIEGO DE ALMAGRO,Raw,ERA5-Land,mbe,0.12901600491761714,Hourly
SOLAR EL AGUILA I,Raw,ERA5-Land,mbe,0.03688398589685343,Hourly
SOLAR EL ROMERO,Raw,ERA5-Land,mbe,0.11802548259906667,Hourly
SOLAR ESPERANZA,Raw,ERA5-Land,mbe,0.05596254987778842,Hourly
SOLAR HORMIGA,Raw,ERA5-Land,mbe,0.06519427695251095,Hourly
SOLAR JAMA 1,Raw,ERA5-Land,mbe,-0.16312443147331404,Hourly
SOLAR JAMA 2,Raw,ERA5-Land,mbe,-0.11871416528630085,Hourly
SOLAR JAVIERA,Raw,ERA5-Land,mbe,0.02366647755117797,Hourly
SOLAR LA SILLA,Raw,ERA5-Land,mbe,-0.062125427009821516,Hourly
SOLAR LAS TERRAZAS,Raw,ERA5-Land,mbe,0.08542328409799127,Hourly
SOLAR LLANO DE LLAMPOS,Raw,ERA5-Land,mbe,-0.05170415057562158,Hourly
SOLAR PSF LOMAS COLORADAS,Raw,ERA5-Land,mbe,0.019956235553918983,Hourly
SOLAR SAN ANDRES,Raw,ERA5-Land,mbe,0.08738982017115463,Hourly
SOLAR SANTA CECILIA,Raw,ERA5-Land,mbe,0.008426535922134276,Hourly
SOLAR TECHOS ALTAMIRA,Raw,ERA5-Land,mbe,0.1242575287913791,Hourly
SPS LA HUAYCA,Raw,ERA5-Land,mbe,0.004087019410476045,Hourly
TAMBO REAL,Raw,ERA5-Land,mbe,0.0754456994796882,Hourly
TILTIL SOLAR,Raw,ERA5-Land,mbe,-0.049999919015943216,Hourly
URIBE SOLAR,Raw,ERA5-Land,mbe,-0.17086388685823586,Hourly
VALLE DE LA LUNA II,Raw,ERA5-Land,mbe,-0.022836760662666968,Hourly
ANDES SOLAR,Raw,ERA5-Land,rmse,0.2241183031588083,Hourly
BELLAVISTA,Raw,ERA5-Land,rmse,0.23434947718311025,Hourly
CARRERA PINTO ETAPA I,Raw,ERA5-Land,rmse,0.2958603784541416,Hourly
CHANARES,Raw,ERA5-Land,rmse,0.2349894894296296,Hourly
CONEJO SOLAR,Raw,ERA5-Land,rmse,0.2682710982888281,Hourly
CORDILLERILLA,Raw,ERA5-Land,rmse,0.21838575586976133,Hourly
EL DIVISADERO,Raw,ERA5-Land,rmse,0.2855473960265121,Hourly
FV BOLERO,Raw,ERA5-Land,rmse,0.21892504081960346,Hourly
LA CHAPEANA,Raw,ERA5-Land,rmse,0.2197229899282381,Hourly
LA QUINTA SOLAR,Raw,ERA5-Land,rmse,0.22920960375530014,Hourly
LALACKAMA,Raw,ERA5-Land,rmse,0.2492752399228253,Hourly
LALACKAMA 2,Raw,ERA5-Land,rmse,0.2534210406415427,Hourly
LAS ARAUCARIAS,Raw,ERA5-Land,rmse,0.19837964993411109,Hourly
LAS MOLLACAS,Raw,ERA5-Land,rmse,0.17074727417227129,Hourly
LAS TURCAS,Raw,ERA5-Land,rmse,0.25074081502604817,Hourly
LOS PUQUIOS,Raw,ERA5-Land,rmse,0.2063702493929054,Hourly
LUNA DEL NORTE,Raw,ERA5-Land,rmse,0.1173825278134357,Hourly
LUZ DEL NORTE,Raw,ERA5-Land,rmse,0.27822901119677723,Hourly
MARIA ELENA FV,Raw,ERA5-Land,rmse,0.22380965689277527,Hourly
PAMPA SOLAR NORTE,Raw,ERA5-Land,rmse,0.26741993825846394,Hourly
PARQUE SOLAR CUZ CUZ,Raw,ERA5-Land,rmse,0.20364499068487416,Hourly
PARQUE SOLAR FINIS TERRAE,Raw,ERA5-Land,rmse,0.236856757753868,Hourly
PARQUE SOLAR PAMPA CAMARONES,Raw,ERA5-Land,rmse,0.2239664658822074,Hourly
PFV LAGUNILLA,Raw,ERA5-Land,rmse,0.2328459436504841,Hourly
PFV LOS LOROS,Raw,ERA5-Land,rmse,0.19989345846943585,Hourly
PILOTO SOLAR CARDONES,Raw,ERA5-Land,rmse,0.3029527296384847,Hourly
PLANTA PV CERRO DOMINADOR,Raw,ERA5-Land,rmse,0.2507007631069603,Hourly
PMGD PICA PILOT,Raw,ERA5-Land,rmse,0.4380752023333017,Hourly
PUERTO SECO SOLAR,Raw,ERA5-Land,rmse,0.30475091381847985,Hourly
PV SALVADOR,Raw,ERA5-Land,rmse,0.2554315863641036,Hourly
QUILAPILUN,Raw,ERA5-Land,rmse,0.21597548228565025,Hourly
SAN FRANCISCO SOLAR,Raw,ERA5-Land,rmse,0.2309296184321271,Hourly
SANTA JULIA,Raw,ERA5-Land,rmse,0.22396897368059931,Hourly
SDGX01,Raw,ERA5-Land,rmse,0.17061684437415234,Hourly
SOL DEL NORTE,Raw,ERA5-Land,rmse,0.11849611658977505,Hourly
SOLAR ANTAY,Raw,ERA5-Land,rmse,0.16042456436644234,Hourly
SOLAR CHUCHINI,Raw,ERA5-Land,rmse,0.12645293428795013,Hourly
SOLAR DIEGO DE ALMAGRO,Raw,ERA5-Land,rmse,0.23567308816146476,Hourly
SOLAR EL AGUILA I,Raw,ERA5-Land,rmse,0.16064853812250754,Hourly
SOLAR EL ROMERO,Raw,ERA5-Land,rmse,0.2407712421183435,Hourly
SOLAR ESPERANZA,Raw,ERA5-Land,rmse,0.13546103310912752,Hourly
SOLAR HORMIGA,Raw,ERA5-Land,rmse,0.18127014942912761,Hourly
SOLAR JAMA 1,Raw,ERA5-Land,rmse,0.2696516198321891,Hourly
SOLAR JAMA 2,Raw,ERA5-Land,rmse,0.24097230265892686,Hourly
SOLAR JAVIERA,Raw,ERA5-Land,rmse,0.2470044688800917,Hourly
SOLAR LA SILLA,Raw,ERA5-Land,rmse,0.22479613356074304,Hourly
SOLAR LAS TERRAZAS,Raw,ERA5-Land,rmse,0.2746083538489501,Hourly
SOLAR LLANO DE LLAMPOS,Raw,ERA5-Land,rmse,0.2266946960516873,Hourly
SOLAR PSF LOMAS COLORADAS,Raw,ERA5-Land,rmse,0.1155275085249886,Hourly
SOLAR SAN ANDRES,Raw,ERA5-Land,rmse,0.2626718073850109,Hourly
SOLAR SANTA CECILIA,Raw,ERA5-Land,rmse,0.1323781810975676,Hourly
SOLAR TECHOS ALTAMIRA,Raw,ERA5-Land,rmse,0.2990295009726836,Hourly
SPS LA HUAYCA,Raw,ERA5-Land,rmse,0.08422149182946907,Hourly
TAMBO REAL,Raw,ERA5-Land,rmse,0.22494023689897494,Hourly
TILTIL SOLAR,Raw,ERA5-Land,rmse,0.21926261386424226,Hourly
URIBE SOLAR,Raw,ERA5-Land,rmse,0.2788920688694976,Hourly
VALLE DE LA LUNA II,Raw,ERA5-Land,rmse,0.21591939211384065,Hourly
ANDES SOLAR,Raw,ERA5-Land,pearson,0.4542872107256888,Daily
BELLAVISTA,Raw,ERA5-Land,pearson,0.5502644413046263,Daily
CARRERA PINTO ETAPA I,Raw,ERA5-Land,pearson,0.2391302162161542,Daily
CHANARES,Raw,ERA5-Land,pearson,0.3650880216378764,Daily
CONEJO SOLAR,Raw,ERA5-Land,pearson,0.3239187494685047,Daily
CORDILLERILLA,Raw,ERA5-Land,pearson,0.7306075351262288,Daily
EL DIVISADERO,Raw,ERA5-Land,pearson,0.5969693907981345,Daily
FV BOLERO,Raw,ERA5-Land,pearson,0.4605050744070617,Daily
LA CHAPEANA,Raw,ERA5-Land,pearson,0.6394984512507733,Daily
LA QUINTA SOLAR,Raw,ERA5-Land,pearson,0.6386150632438851,Daily
LALACKAMA,Raw,ERA5-Land,pearson,0.4972776847533597,Daily
LALACKAMA 2,Raw,ERA5-Land,pearson,0.4356960387546303,Daily
LAS ARAUCARIAS,Raw,ERA5-Land,pearson,0.6483236559538181,Daily
LAS MOLLACAS,Raw,ERA5-Land,pearson,0.6702723675015118,Daily
LAS TURCAS,Raw,ERA5-Land,pearson,0.6620884040145864,Daily
LOS PUQUIOS,Raw,ERA5-Land,pearson,0.3985941007064976,Daily
LUNA DEL NORTE,Raw,ERA5-Land,pearson,0.8067079799892758,Daily
LUZ DEL NORTE,Raw,ERA5-Land,pearson,0.24823800392702136,Daily
MARIA ELENA FV,Raw,ERA5-Land,pearson,0.42394515689966666,Daily
PAMPA SOLAR NORTE,Raw,ERA5-Land,pearson,0.37817072534503104,Daily
PARQUE SOLAR CUZ CUZ,Raw,ERA5-Land,pearson,0.6639877981480106,Daily
PARQUE SOLAR FINIS TERRAE,Raw,ERA5-Land,pearson,0.31977131120091085,Daily
PARQUE SOLAR PAMPA CAMARONES,Raw,ERA5-Land,pearson,0.5190950956085117,Daily
PFV LAGUNILLA,Raw,ERA5-Land,pearson,0.6356967176169298,Daily
PFV LOS LOROS,Raw,ERA5-Land,pearson,0.8567790430009598,Daily
PILOTO SOLAR CARDONES,Raw,ERA5-Land,pearson,0.025274648158818743,Daily
PLANTA PV CERRO DOMINADOR,Raw,ERA5-Land,pearson,0.06566958132591186,Daily
PMGD PICA PILOT,Raw,ERA5-Land,pearson,0.17748281589613135,Daily
PUERTO SECO SOLAR,Raw,ERA5-Land,pearson,0.5066469037554004,Daily
PV SALVADOR,Raw,ERA5-Land,pearson,0.4307337715134855,Daily
QUILAPILUN,Raw,ERA5-Land,pearson,0.5771217199978247,Daily
SAN FRANCISCO SOLAR,Raw,ERA5-Land,pearson,0.6392445451362402,Daily
SANTA JULIA,Raw,ERA5-Land,pearson,0.7565563391295119,Daily
SDGX01,Raw,ERA5-Land,pearson,0.5039310950297524,Daily
SOL DEL NORTE,Raw,ERA5-Land,pearson,0.8003065445810469,Daily
SOLAR ANTAY,Raw,ERA5-Land,pearson,0.4385980584254072,Daily
SOLAR CHUCHINI,Raw,ERA5-Land,pearson,0.8040931847357734,Daily
SOLAR DIEGO DE ALMAGRO,Raw,ERA5-Land,pearson,0.223968665603144,Daily
SOLAR EL AGUILA I,Raw,ERA5-Land,pearson,0.26326536735114897,Daily
SOLAR EL ROMERO,Raw,ERA5-Land,pearson,0.425734848392934,Daily
SOLAR ESPERANZA,Raw,ERA5-Land,pearson,0.5778223290490744,Daily
SOLAR HORMIGA,Raw,ERA5-Land,pearson,0.5584275302253624,Daily
SOLAR JAMA 1,Raw,ERA5-Land,pearson,0.5367544036427517,Daily
SOLAR JAMA 2,Raw,ERA5-Land,pearson,0.5163213174848006,Daily
SOLAR JAVIERA,Raw,ERA5-Land,pearson,0.4143175044872061,Daily
SOLAR LA SILLA,Raw,ERA5-Land,pearson,0.5425678536506109,Daily
SOLAR LAS TERRAZAS,Raw,ERA5-Land,pearson,-0.17944962088447797,Daily
SOLAR LLANO DE LLAMPOS,Raw,ERA5-Land,pearson,0.4981986524458804,Daily
SOLAR PSF LOMAS COLORADAS,Raw,ERA5-Land,pearson,0.8719344645630684,Daily
SOLAR SAN ANDRES,Raw,ERA5-Land,pearson,0.3695821111124836,Daily
SOLAR SANTA CECILIA,Raw,ERA5-Land,pearson,0.7517673685340289,Daily
SOLAR TECHOS ALTAMIRA,Raw,ERA5-Land,pearson,0.1183336982968862,Daily
SPS LA HUAYCA,Raw,ERA5-Land,pearson,0.8401608506416582,Daily
TAMBO REAL,Raw,ERA5-Land,pearson,0.15776589600131186,Daily
TILTIL SOLAR,Raw,ERA5-Land,pearson,0.6940762807066401,Daily
URIBE SOLAR,Raw,ERA5-Land,pearson,0.6085430075004411,Daily
VALLE DE LA LUNA II,Raw,ERA5-Land,pearson,0.6783380840022126,Daily
ANDES SOLAR,Raw,ERA5-Land,mbe,-0.06579135446685877,Daily
BELLAVISTA,Raw,ERA5-Land,mbe,0.09728728323699423,Daily
CARRERA PINTO ETAPA I,Raw,ERA5-Land,mbe,0.08859817684594347,Daily
CHANARES,Raw,ERA5-Land,mbe,0.051632855191256835,Daily
CONEJO SOLAR,Raw,ERA5-Land,mbe,0.01069129511677283,Daily
CORDILLERILLA,Raw,ERA5-Land,mbe,-0.008212903225806454,Daily
EL DIVISADERO,Raw,ERA5-Land,mbe,-0.13096080000000002,Daily
FV BOLERO,Raw,ERA5-Land,mbe,-0.03370199004975123,Daily
LA CHAPEANA,Raw,ERA5-Land,mbe,-0.013612665406427226,Daily
LA QUINTA SOLAR,Raw,ERA5-Land,mbe,-0.04863653444676408,Daily
LALACKAMA,Raw,ERA5-Land,mbe,-0.0037575905292479158,Daily
LALACKAMA 2,Raw,ERA5-Land,mbe,0.0032322075782537023,Daily
LAS ARAUCARIAS,Raw,ERA5-Land,mbe,0.09428699763593383,Daily
LAS MOLLACAS,Raw,ERA5-Land,mbe,0.04850845724907064,Daily
LAS TURCAS,Raw,ERA5-Land,mbe,-0.025350572082379858,Daily
LOS PUQUIOS,Raw,ERA5-Land,mbe,0.10727377567140603,Daily
LUNA DEL NORTE,Raw,ERA5-Land,mbe,-0.018146740994854204,Daily
LUZ DEL NORTE,Raw,ERA5-Land,mbe,0.02336765432098765,Daily
MARIA ELENA FV,Raw,ERA5-Land,mbe,-0.09829057639524244,Daily
PAMPA SOLAR NORTE,Raw,ERA5-Land,mbe,-0.01970338983050848,Daily
PARQUE SOLAR CUZ CUZ,Raw,ERA5-Land,mbe,0.03223606194690265,Daily
PARQUE SOLAR FINIS TERRAE,Raw,ERA5-Land,mbe,-0.028735747021081576,Daily
PARQUE SOLAR PAMPA CAMARONES,Raw,ERA5-Land,mbe,-0.07619617373319545,Daily
PFV LAGUNILLA,Raw,ERA5-Land,mbe,-0.041922002635046106,Daily
PFV LOS LOROS,Raw,ERA5-Land,mbe,0.075324,Daily
PILOTO SOLAR CARDONES,Raw,ERA5-Land,mbe,0.2074930576070901,Daily
PLANTA PV CERRO DOMINADOR,Raw,ERA5-Land,mbe,-0.06791583969465649,Daily
PMGD PICA PILOT,Raw,ERA5-Land,mbe,0.3376837704918033,Daily
PUERTO SECO SOLAR,Raw,ERA5-Land,mbe,-0.2055312614259598,Daily
PV SALVADOR,Raw,ERA5-Land,mbe,-0.024803063308373046,Daily
QUILAPILUN,Raw,ERA5-Land,mbe,0.03575068181818182,Daily
SAN FRANCISCO SOLAR,Raw,ERA5-Land,mbe,-0.04710605427974948,Daily
SANTA JULIA,Raw,ERA5-Land,mbe,-0.03293617245005258,Daily
SDGX01,Raw,ERA5-Land,mbe,-0.005495920745920747,Daily
SOL DEL NORTE,Raw,ERA5-Land,mbe,-0.02155273851590106,Daily
SOLAR ANTAY,Raw,ERA5-Land,mbe,-0.06321004464285715,Daily
SOLAR CHUCHINI,Raw,ERA5-Land,mbe,0.04891112385321101,Daily
SOLAR DIEGO DE ALMAGRO,Raw,ERA5-Land,mbe,0.13852568639414276,Daily
SOLAR EL AGUILA I,Raw,ERA5-Land,mbe,0.03980374429223744,Daily
SOLAR EL ROMERO,Raw,ERA5-Land,mbe,0.11883971539456666,Daily
SOLAR ESPERANZA,Raw,ERA5-Land,mbe,0.05689457659372026,Daily
SOLAR HORMIGA,Raw,ERA5-Land,mbe,0.06984765840220386,Daily
SOLAR JAMA 1,Raw,ERA5-Land,mbe,-0.1568300731261426,Daily
SOLAR JAMA 2,Raw,ERA5-Land,mbe,-0.11236349206349204,Daily
SOLAR JAVIERA,Raw,ERA5-Land,mbe,0.029316142857142864,Daily
SOLAR LA SILLA,Raw,ERA5-Land,mbe,-0.048917301750772385,Daily
SOLAR LAS TERRAZAS,Raw,ERA5-Land,mbe,0.15351068493150682,Daily
SOLAR LLANO DE LLAMPOS,Raw,ERA5-Land,mbe,-0.04300188470066519,Daily
SOLAR PSF LOMAS COLORADAS,Raw,ERA5-Land,mbe,0.021627042079207917,Daily
SOLAR SAN ANDRES,Raw,ERA5-Land,mbe,0.09001874640598044,Daily
SOLAR SANTA CECILIA,Raw,ERA5-Land,mbe,0.009593716337522444,Daily
SOLAR TECHOS ALTAMIRA,Raw,ERA5-Land,mbe,0.15678923705722073,Daily
SPS LA HUAYCA,Raw,ERA5-Land,mbe,0.004836688014638609,Daily
TAMBO REAL,Raw,ERA5-Land,mbe,0.08616449480642115,Daily
TILTIL SOLAR,Raw,ERA5-Land,mbe,-0.03681924778761062,Daily
URIBE SOLAR,Raw,ERA5-Land,mbe,-0.16146750348675035,Daily
VALLE DE LA LUNA II,Raw,ERA5-Land,mbe,-0.012414492753623187,Daily
ANDES SOLAR,Raw,ERA5-Land,rmse,0.12499958616646195,Daily
BELLAVISTA,Raw,ERA5-Land,rmse,0.18314828361714866,Daily
CARRERA PINTO ETAPA I,Raw,ERA5-Land,rmse,0.1920190790239525,Daily
CHANARES,Raw,ERA5-Land,rmse,0.1381548079129118,Daily
CONEJO SOLAR,Raw,ERA5-Land,rmse,0.1583402721465373,Daily
CORDILLERILLA,Raw,ERA5-Land,rmse,0.14414054765403753,Daily
EL DIVISADERO,Raw,ERA5-Land,rmse,0.19098207057208275,Daily
FV BOLERO,Raw,ERA5-Land,rmse,0.12906098401669092,Daily
LA CHAPEANA,Raw,ERA5-Land,rmse,0.11936578331684125,Daily
LA QUINTA SOLAR,Raw,ERA5-Land,rmse,0.14661615636378328,Daily
LALACKAMA,Raw,ERA5-Land,rmse,0.11066695572992533,Daily
LALACKAMA 2,Raw,ERA5-Land,rmse,0.11160462098426384,Daily
LAS ARAUCARIAS,Raw,ERA5-Land,rmse,0.1503123991179876,Daily
LAS MOLLACAS,Raw,ERA5-Land,rmse,0.10046781110770373,Daily
LAS TURCAS,Raw,ERA5-Land,rmse,0.1516900605255419,Daily
LOS PUQUIOS,Raw,ERA5-Land,rmse,0.15435993190656394,Daily
LUNA DEL NORTE,Raw,ERA5-Land,rmse,0.06866446989080988,Daily
LUZ DEL NORTE,Raw,ERA5-Land,rmse,0.15932547475325404,Daily
MARIA ELENA FV,Raw,ERA5-Land,rmse,0.1337043489826378,Daily
PAMPA SOLAR NORTE,Raw,ERA5-Land,rmse,0.14535034825821247,Daily
PARQUE SOLAR CUZ CUZ,Raw,ERA5-Land,rmse,0.12046660894904206,Daily
PARQUE SOLAR FINIS TERRAE,Raw,ERA5-Land,rmse,0.15402347003532674,Daily
PARQUE SOLAR PAMPA CAMARONES,Raw,ERA5-Land,rmse,0.13563130329806974,Daily
PFV LAGUNILLA,Raw,ERA5-Land,rmse,0.14928671532611007,Daily
PFV LOS LOROS,Raw,ERA5-Land,rmse,0.12778999888964793,Daily
PILOTO SOLAR CARDONES,Raw,ERA5-Land,rmse,0.2823976207213323,Daily
PLANTA PV CERRO DOMINADOR,Raw,ERA5-Land,rmse,0.1611449793516044,Daily
PMGD PICA PILOT,Raw,ERA5-Land,rmse,0.3619809200433219,Daily
PUERTO SECO SOLAR,Raw,ERA5-Land,rmse,0.2265417827727696,Daily
PV SALVADOR,Raw,ERA5-Land,rmse,0.12507651488005453,Daily
QUILAPILUN,Raw,ERA5-Land,rmse,0.1509980835971106,Daily
SAN FRANCISCO SOLAR,Raw,ERA5-Land,rmse,0.15041510384782916,Daily
SANTA JULIA,Raw,ERA5-Land,rmse,0.1290761588944786,Daily
SDGX01,Raw,ERA5-Land,rmse,0.11500473016521084,Daily
SOL DEL NORTE,Raw,ERA5-Land,rmse,0.07056480763079942,Daily
SOLAR ANTAY,Raw,ERA5-Land,rmse,0.10187105152295647,Daily
SOLAR CHUCHINI,Raw,ERA5-Land,rmse,0.08626284833167508,Daily
SOLAR DIEGO DE ALMAGRO,Raw,ERA5-Land,rmse,0.1936627660534173,Daily
SOLAR EL AGUILA I,Raw,ERA5-Land,rmse,0.12075699894631592,Daily
SOLAR EL ROMERO,Raw,ERA5-Land,rmse,0.16763296909793698,Daily
SOLAR ESPERANZA,Raw,ERA5-Land,rmse,0.09424061527828884,Daily
SOLAR HORMIGA,Raw,ERA5-Land,rmse,0.13934701387357426,Daily
SOLAR JAMA 1,Raw,ERA5-Land,rmse,0.18053697892311074,Daily
SOLAR JAMA 2,Raw,ERA5-Land,rmse,0.14352829750566246,Daily
SOLAR JAVIERA,Raw,ERA5-Land,rmse,0.12426183076759445,Daily
SOLAR LA SILLA,Raw,ERA5-Land,rmse,0.14125097577199122,Daily
SOLAR LAS TERRAZAS,Raw,ERA5-Land,rmse,0.32487202709815993,Daily
SOLAR LLANO DE LLAMPOS,Raw,ERA5-Land,rmse,0.12198091573135834,Daily
SOLAR PSF LOMAS COLORADAS,Raw,ERA5-Land,rmse,0.06337984905385237,Daily
SOLAR SAN ANDRES,Raw,ERA5-Land,rmse,0.17344790200404045,Daily
SOLAR SANTA CECILIA,Raw,ERA5-Land,rmse,0.0734839821821253,Daily
SOLAR TECHOS ALTAMIRA,Raw,ERA5-Land,rmse,0.2607622216237583,Daily
SPS LA HUAYCA,Raw,ERA5-Land,rmse,0.04190511315688903,Daily
TAMBO REAL,Raw,ERA5-Land,rmse,0.1782376790582501,Daily
TILTIL SOLAR,Raw,ERA5-Land,rmse,0.13004285372641486,Daily
URIBE SOLAR,Raw,ERA5-Land,rmse,0.19406001710063567,Daily
VALLE DE LA LUNA II,Raw,ERA5-Land,rmse,0.13097332492782682,Daily
ANDES SOLAR,Raw,ERA5-Land,pearson,0.2454555483888458,Monthly
BELLAVISTA,Raw,ERA5-Land,pearson,0.4622516462317015,Monthly
CARRERA PINTO ETAPA I,Raw,ERA5-Land,pearson,0.045507397436984884,Monthly
CHANARES,Raw,ERA5-Land,pearson,0.2277120132755112,Monthly
CONEJO SOLAR,Raw,ERA5-Land,pearson,0.23648948600091385,Monthly
CORDILLERILLA,Raw,ERA5-Land,pearson,0.7641774157079241,Monthly
EL DIVISADERO,Raw,ERA5-Land,pearson,0.4317299310858773,Monthly
FV BOLERO,Raw,ERA5-Land,pearson,0.3057989226452333,Monthly
LA CHAPEANA,Raw,ERA5-Land,pearson,0.7063845246126841,Monthly
LA QUINTA SOLAR,Raw,ERA5-Land,pearson,0.4877702352616383,Monthly
LALACKAMA,Raw,ERA5-Land,pearson,0.4715187700800563,Monthly
LALACKAMA 2,Raw,ERA5-Land,pearson,0.4202276859937978,Monthly
LAS ARAUCARIAS,Raw,ERA5-Land,pearson,0.6754257603059649,Monthly
LAS MOLLACAS,Raw,ERA5-Land,pearson,0.872421924494852,Monthly
LAS TURCAS,Raw,ERA5-Land,pearson,0.7528759065329421,Monthly
LOS PUQUIOS,Raw,ERA5-Land,pearson,0.11036625287771756,Monthly
LUNA DEL NORTE,Raw,ERA5-Land,pearson,0.8465298030625324,Monthly
LUZ DEL NORTE,Raw,ERA5-Land,pearson,0.03796130883010936,Monthly
MARIA ELENA FV,Raw,ERA5-Land,pearson,0.06403409149814096,Monthly
PAMPA SOLAR NORTE,Raw,ERA5-Land,pearson,-0.041565226925449776,Monthly
PARQUE SOLAR CUZ CUZ,Raw,ERA5-Land,pearson,0.6360401653462722,Monthly
PARQUE SOLAR FINIS TERRAE,Raw,ERA5-Land,pearson,0.15332149060403086,Monthly
PARQUE SOLAR PAMPA CAMARONES,Raw,ERA5-Land,pearson,0.4447522449816821,Monthly
PFV LAGUNILLA,Raw,ERA5-Land,pearson,0.6551245216479253,Monthly
PFV LOS LOROS,Raw,ERA5-Land,pearson,0.9012008281451884,Monthly
PILOTO SOLAR CARDONES,Raw,ERA5-Land,pearson,-0.07768215876804829,Monthly
PLANTA PV CERRO DOMINADOR,Raw,ERA5-Land,pearson,-0.261424086431683,Monthly
PMGD PICA PILOT,Raw,ERA5-Land,pearson,0.16411427078774507,Monthly
PUERTO SECO SOLAR,Raw,ERA5-Land,pearson,0.2620951956857939,Monthly
PV SALVADOR,Raw,ERA5-Land,pearson,0.23419528893679936,Monthly
QUILAPILUN,Raw,ERA5-Land,pearson,0.22467970851874688,Monthly
SAN FRANCISCO SOLAR,Raw,ERA5-Land,pearson,0.5781919589574076,Monthly
SANTA JULIA,Raw,ERA5-Land,pearson,0.7833559144392594,Monthly
SDGX01,Raw,ERA5-Land,pearson,0.5346861239354475,Monthly
SOL DEL NORTE,Raw,ERA5-Land,pearson,0.8388516994855043,Monthly
SOLAR ANTAY,Raw,ERA5-Land,pearson,-0.5588578031130004,Monthly
SOLAR CHUCHINI,Raw,ERA5-Land,pearson,0.7703318391690169,Monthly
SOLAR DIEGO DE ALMAGRO,Raw,ERA5-Land,pearson,-0.15272508574935276,Monthly
SOLAR EL AGUILA I,Raw,ERA5-Land,pearson,0.0800891574115274,Monthly
SOLAR EL ROMERO,Raw,ERA5-Land,pearson,0.4165829715879161,Monthly
SOLAR ESPERANZA,Raw,ERA5-Land,pearson,0.5219578965898989,Monthly
SOLAR HORMIGA,Raw,ERA5-Land,pearson,-0.15236469975405575,Monthly
SOLAR JAMA 1,Raw,ERA5-Land,pearson,0.10263855489286224,Monthly
SOLAR JAMA 2,Raw,ERA5-Land,pearson,0.13691471007276032,Monthly
SOLAR JAVIERA,Raw,ERA5-Land,pearson,0.30638231289681866,Monthly
SOLAR LA SILLA,Raw,ERA5-Land,pearson,0.26845258806624644,Monthly
SOLAR LAS TERRAZAS,Raw,ERA5-Land,pearson,-0.6099196093994899,Monthly
SOLAR LLANO DE LLAMPOS,Raw,ERA5-Land,pearson,0.2754215615965728,Monthly
SOLAR PSF LOMAS COLORADAS,Raw,ERA5-Land,pearson,0.8841001014425527,Monthly
SOLAR SAN ANDRES,Raw,ERA5-Land,pearson,0.25331869491043835,Monthly
SOLAR SANTA CECILIA,Raw,ERA5-Land,pearson,0.9043616661902502,Monthly
SOLAR TECHOS ALTAMIRA,Raw,ERA5-Land,pearson,-0.4167835032752229,Monthly
SPS LA HUAYCA,Raw,ERA5-Land,pearson,0.8970246645431108,Monthly
TAMBO REAL,Raw,ERA5-Land,pearson,-0.2665184556059171,Monthly
TILTIL SOLAR,Raw,ERA5-Land,pearson,0.6612372115434246,Monthly
URIBE SOLAR,Raw,ERA5-Land,pearson,0.4102464584044561,Monthly
VALLE DE LA LUNA II,Raw,ERA5-Land,pearson,0.6803719787008071,Monthly
ANDES SOLAR,Raw,ERA5-Land,mbe,-0.06477999999999998,Monthly
BELLAVISTA,Raw,ERA5-Land,mbe,0.10724999999999997,Monthly
CARRERA PINTO ETAPA I,Raw,ERA5-Land,mbe,0.09779189189189186,Monthly
CHANARES,Raw,ERA5-Land,mbe,0.05232244897959185,Monthly
CONEJO SOLAR,Raw,ERA5-Land,mbe,0.010684375000000005,Monthly
CORDILLERILLA,Raw,ERA5-Land,mbe,-0.0038923076923076953,Monthly
EL DIVISADERO,Raw,ERA5-Land,mbe,-0.12569999999999998,Monthly
FV BOLERO,Raw,ERA5-Land,mbe,-0.024449999999999986,Monthly
LA CHAPEANA,Raw,ERA5-Land,mbe,-0.013566666666666664,Monthly
LA QUINTA SOLAR,Raw,ERA5-Land,mbe,-0.05031875,Monthly
LALACKAMA,Raw,ERA5-Land,mbe,-0.004716666666666665,Monthly
LALACKAMA 2,Raw,ERA5-Land,mbe,6.928571428571525e-4,Monthly
LAS ARAUCARIAS,Raw,ERA5-Land,mbe,0.09063666666666667,Monthly
LAS MOLLACAS,Raw,ERA5-Land,mbe,0.04779722222222222,Monthly
LAS TURCAS,Raw,ERA5-Land,mbe,-0.030206666666666673,Monthly
LOS PUQUIOS,Raw,ERA5-Land,mbe,0.10805416666666667,Monthly
LUNA DEL NORTE,Raw,ERA5-Land,mbe,-0.017219999999999985,Monthly
LUZ DEL NORTE,Raw,ERA5-Land,mbe,0.03749767441860466,Monthly
MARIA ELENA FV,Raw,ERA5-Land,mbe,-0.09854444444444443,Monthly
PAMPA SOLAR NORTE,Raw,ERA5-Land,mbe,-0.007488235294117657,Monthly
PARQUE SOLAR CUZ CUZ,Raw,ERA5-Land,mbe,0.030040000000000008,Monthly
PARQUE SOLAR FINIS TERRAE,Raw,ERA5-Land,mbe,-0.027355555555555564,Monthly
PARQUE SOLAR PAMPA CAMARONES,Raw,ERA5-Land,mbe,-0.07689375,Monthly
PFV LAGUNILLA,Raw,ERA5-Land,mbe,-0.04235555555555556,Monthly
PFV LOS LOROS,Raw,ERA5-Land,mbe,0.08151935483870969,Monthly
PILOTO SOLAR CARDONES,Raw,ERA5-Land,mbe,0.19422608695652172,Monthly
PLANTA PV CERRO DOMINADOR,Raw,ERA5-Land,mbe,-0.047738888888888865,Monthly
PMGD PICA PILOT,Raw,ERA5-Land,mbe,0.34744166666666665,Monthly
PUERTO SECO SOLAR,Raw,ERA5-Land,mbe,-0.20625,Monthly
PV SALVADOR,Raw,ERA5-Land,mbe,-0.012150980392156865,Monthly
QUILAPILUN,Raw,ERA5-Land,mbe,0.047463333333333316,Monthly
SAN FRANCISCO SOLAR,Raw,ERA5-Land,mbe,-0.04931250000000001,Monthly
SANTA JULIA,Raw,ERA5-Land,mbe,-0.033600000000000005,Monthly
SDGX01,Raw,ERA5-Land,mbe,-0.013080645161290323,Monthly
SOL DEL NORTE,Raw,ERA5-Land,mbe,-0.02345128205128204,Monthly
SOLAR ANTAY,Raw,ERA5-Land,mbe,-0.02050555555555555,Monthly
SOLAR CHUCHINI,Raw,ERA5-Land,mbe,0.04818,Monthly
SOLAR DIEGO DE ALMAGRO,Raw,ERA5-Land,mbe,0.14697142857142856,Monthly
SOLAR EL AGUILA I,Raw,ERA5-Land,mbe,0.03871111111111111,Monthly
SOLAR EL ROMERO,Raw,ERA5-Land,mbe,0.12132307692307695,Monthly
SOLAR ESPERANZA,Raw,ERA5-Land,mbe,0.05572162162162162,Monthly
SOLAR HORMIGA,Raw,ERA5-Land,mbe,0.08204800000000001,Monthly
SOLAR JAMA 1,Raw,ERA5-Land,mbe,-0.15743333333333334,Monthly
SOLAR JAMA 2,Raw,ERA5-Land,mbe,-0.1074027777777778,Monthly
SOLAR JAVIERA,Raw,ERA5-Land,mbe,0.03467916666666667,Monthly
SOLAR LA SILLA,Raw,ERA5-Land,mbe,-0.03822727272727272,Monthly
SOLAR LAS TERRAZAS,Raw,ERA5-Land,mbe,0.15300625,Monthly
SOLAR LLANO DE LLAMPOS,Raw,ERA5-Land,mbe,-0.041470000000000014,Monthly
SOLAR PSF LOMAS COLORADAS,Raw,ERA5-Land,mbe,0.022016666666666667,Monthly
SOLAR SAN ANDRES,Raw,ERA5-Land,mbe,0.09257966101694914,Monthly
SOLAR SANTA CECILIA,Raw,ERA5-Land,mbe,0.008191228070175442,Monthly
SOLAR TECHOS ALTAMIRA,Raw,ERA5-Land,mbe,0.16609259259259254,Monthly
SPS LA HUAYCA,Raw,ERA5-Land,mbe,0.004311111111111109,Monthly
TAMBO REAL,Raw,ERA5-Land,mbe,0.0797105263157895,Monthly
TILTIL SOLAR,Raw,ERA5-Land,mbe,-0.03724516129032256,Monthly
URIBE SOLAR,Raw,ERA5-Land,mbe,-0.16500833333333334,Monthly
VALLE DE LA LUNA II,Raw,ERA5-Land,mbe,-0.013312500000000008,Monthly
ANDES SOLAR,Raw,ERA5-Land,rmse,0.10784522375012387,Monthly
BELLAVISTA,Raw,ERA5-Land,rmse,0.16596440130341206,Monthly
CARRERA PINTO ETAPA I,Raw,ERA5-Land,rmse,0.18946449214505545,Monthly
CHANARES,Raw,ERA5-Land,rmse,0.11031569355671003,Monthly
CONEJO SOLAR,Raw,ERA5-Land,rmse,0.1222588404267765,Monthly
CORDILLERILLA,Raw,ERA5-Land,rmse,0.10003449789562983,Monthly
EL DIVISADERO,Raw,ERA5-Land,rmse,0.1525233050108362,Monthly
FV BOLERO,Raw,ERA5-Land,rmse,0.11621751745600302,Monthly
LA CHAPEANA,Raw,ERA5-Land,rmse,0.08444286036525922,Monthly
LA QUINTA SOLAR,Raw,ERA5-Land,rmse,0.1192567110270948,Monthly
LALACKAMA,Raw,ERA5-Land,rmse,0.06897133764591394,Monthly
LALACKAMA 2,Raw,ERA5-Land,rmse,0.06778957463040633,Monthly
LAS ARAUCARIAS,Raw,ERA5-Land,rmse,0.11861203002506393,Monthly
LAS MOLLACAS,Raw,ERA5-Land,rmse,0.05502598628526949,Monthly
LAS TURCAS,Raw,ERA5-Land,rmse,0.10188476170000432,Monthly
LOS PUQUIOS,Raw,ERA5-Land,rmse,0.14512043130907973,Monthly
LUNA DEL NORTE,Raw,ERA5-Land,rmse,0.03910315844020787,Monthly
LUZ DEL NORTE,Raw,ERA5-Land,rmse,0.1616940924551164,Monthly
MARIA ELENA FV,Raw,ERA5-Land,rmse,0.12615400200636612,Monthly
PAMPA SOLAR NORTE,Raw,ERA5-Land,rmse,0.13461154788326826,Monthly
PARQUE SOLAR CUZ CUZ,Raw,ERA5-Land,rmse,0.08331775321022526,Monthly
PARQUE SOLAR FINIS TERRAE,Raw,ERA5-Land,rmse,0.1472661309783527,Monthly
PARQUE SOLAR PAMPA CAMARONES,Raw,ERA5-Land,rmse,0.11035392777332396,Monthly
PFV LAGUNILLA,Raw,ERA5-Land,rmse,0.11668525883602275,Monthly
PFV LOS LOROS,Raw,ERA5-Land,rmse,0.10410529254309728,Monthly
PILOTO SOLAR CARDONES,Raw,ERA5-Land,rmse,0.2435896478131596,Monthly
PLANTA PV CERRO DOMINADOR,Raw,ERA5-Land,rmse,0.1788625341179955,Monthly
PMGD PICA PILOT,Raw,ERA5-Land,rmse,0.3624538913204455,Monthly
PUERTO SECO SOLAR,Raw,ERA5-Land,rmse,0.22010877235282256,Monthly
PV SALVADOR,Raw,ERA5-Land,rmse,0.11792514990616786,Monthly
QUILAPILUN,Raw,ERA5-Land,rmse,0.14919358230165264,Monthly
SAN FRANCISCO SOLAR,Raw,ERA5-Land,rmse,0.11424519683557817,Monthly
SANTA JULIA,Raw,ERA5-Land,rmse,0.10018464203659164,Monthly
SDGX01,Raw,ERA5-Land,rmse,0.06047490281900205,Monthly
SOL DEL NORTE,Raw,ERA5-Land,rmse,0.04166505022505565,Monthly
SOLAR ANTAY,Raw,ERA5-Land,rmse,0.11779303176900295,Monthly
SOLAR CHUCHINI,Raw,ERA5-Land,rmse,0.06497260448322302,Monthly
SOLAR DIEGO DE ALMAGRO,Raw,ERA5-Land,rmse,0.193794170080379,Monthly
SOLAR EL AGUILA I,Raw,ERA5-Land,rmse,0.105378284185015,Monthly
SOLAR EL ROMERO,Raw,ERA5-Land,rmse,0.15363494944936096,Monthly
SOLAR ESPERANZA,Raw,ERA5-Land,rmse,0.07981789916445453,Monthly
SOLAR HORMIGA,Raw,ERA5-Land,rmse,0.14259503217153113,Monthly
SOLAR JAMA 1,Raw,ERA5-Land,rmse,0.17418783603404178,Monthly
SOLAR JAMA 2,Raw,ERA5-Land,rmse,0.13603711401264318,Monthly
SOLAR JAVIERA,Raw,ERA5-Land,rmse,0.09871379716128843,Monthly
SOLAR LA SILLA,Raw,ERA5-Land,rmse,0.12739511074772156,Monthly
SOLAR LAS TERRAZAS,Raw,ERA5-Land,rmse,0.2922499868120898,Monthly
SOLAR LLANO DE LLAMPOS,Raw,ERA5-Land,rmse,0.10698751484791737,Monthly
SOLAR PSF LOMAS COLORADAS,Raw,ERA5-Land,rmse,0.03449059721570934,Monthly
SOLAR SAN ANDRES,Raw,ERA5-Land,rmse,0.161871085974538,Monthly
SOLAR SANTA CECILIA,Raw,ERA5-Land,rmse,0.03043272419213217,Monthly
SOLAR TECHOS ALTAMIRA,Raw,ERA5-Land,rmse,0.2549833044643424,Monthly
SPS LA HUAYCA,Raw,ERA5-Land,rmse,0.018883826118901038,Monthly
TAMBO REAL,Raw,ERA5-Land,rmse,0.1478915925869173,Monthly
TILTIL SOLAR,Raw,ERA5-Land,rmse,0.10159864426324317,Monthly
URIBE SOLAR,Raw,ERA5-Land,rmse,0.18272155501381512,Monthly
VALLE DE LA LUNA II,Raw,ERA5-Land,rmse,0.09768998157436616,Monthly
ANDES SOLAR,Raw,Rn,pearson,0.8191197683544145,Hourly
BELLAVISTA,Raw,Rn,pearson,0.772401662970448,Hourly
CARRERA PINTO ETAPA I,Raw,Rn,pearson,0.6271529938725398,Hourly
CHANARES,Raw,Rn,pearson,0.7510036414004749,Hourly
CONEJO SOLAR,Raw,Rn,pearson,0.6857293347194905,Hourly
CORDILLERILLA,Raw,Rn,pearson,0.7547542572986626,Hourly
EL DIVISADERO,Raw,Rn,pearson,0.7544972385677636,Hourly
FV BOLERO,Raw,Rn,pearson,0.7939512647864985,Hourly
LA CHAPEANA,Raw,Rn,pearson,0.7708899453198673,Hourly
LA QUINTA SOLAR,Raw,Rn,pearson,0.7722094580247522,Hourly
LALACKAMA,Raw,Rn,pearson,0.7033298961914191,Hourly
LALACKAMA 2,Raw,Rn,pearson,0.6921129320312801,Hourly
LAS ARAUCARIAS,Raw,Rn,pearson,0.8150534968761524,Hourly
LAS MOLLACAS,Raw,Rn,pearson,0.8575728158119202,Hourly
LAS TURCAS,Raw,Rn,pearson,0.7425127484820007,Hourly
LOS PUQUIOS,Raw,Rn,pearson,0.8446916573243722,Hourly
LUNA DEL NORTE,Raw,Rn,pearson,0.9271647817240984,Hourly
LUZ DEL NORTE,Raw,Rn,pearson,0.6436310561206091,Hourly
MARIA ELENA FV,Raw,Rn,pearson,0.8412878476799511,Hourly
PAMPA SOLAR NORTE,Raw,Rn,pearson,0.6982679640768092,Hourly
PARQUE SOLAR CUZ CUZ,Raw,Rn,pearson,0.7979483491431641,Hourly
PARQUE SOLAR FINIS TERRAE,Raw,Rn,pearson,0.7739416355810836,Hourly
PARQUE SOLAR PAMPA CAMARONES,Raw,Rn,pearson,0.8155547449164579,Hourly
PFV LAGUNILLA,Raw,Rn,pearson,0.7649121734774689,Hourly
PFV LOS LOROS,Raw,Rn,pearson,0.8393502448103967,Hourly
PILOTO SOLAR CARDONES,Raw,Rn,pearson,0.6048493024209288,Hourly
PLANTA PV CERRO DOMINADOR,Raw,Rn,pearson,0.7642931255837191,Hourly
PMGD PICA PILOT,Raw,Rn,pearson,0.6389899845021616,Hourly
PUERTO SECO SOLAR,Raw,Rn,pearson,0.8291159620354692,Hourly
PV SALVADOR,Raw,Rn,pearson,0.7142265283036571,Hourly
QUILAPILUN,Raw,Rn,pearson,0.7647545475497655,Hourly
SAN FRANCISCO SOLAR,Raw,Rn,pearson,0.7647452973562128,Hourly
SANTA JULIA,Raw,Rn,pearson,0.7705304852441781,Hourly
SDGX01,Raw,Rn,pearson,0.8565416137179215,Hourly
SOL DEL NORTE,Raw,Rn,pearson,0.9253456556680432,Hourly
SOLAR ANTAY,Raw,Rn,pearson,0.9357287970691875,Hourly
SOLAR CHUCHINI,Raw,Rn,pearson,0.9185004987341636,Hourly
SOLAR DIEGO DE ALMAGRO,Raw,Rn,pearson,0.8049985185275343,Hourly
SOLAR EL AGUILA I,Raw,Rn,pearson,0.8898194573907491,Hourly
SOLAR EL ROMERO,Raw,Rn,pearson,0.7769115604905338,Hourly
SOLAR ESPERANZA,Raw,Rn,pearson,0.9080417841108293,Hourly
SOLAR HORMIGA,Raw,Rn,pearson,0.8411811096848033,Hourly
SOLAR JAMA 1,Raw,Rn,pearson,0.8153287787458513,Hourly
SOLAR JAMA 2,Raw,Rn,pearson,0.8162765127293126,Hourly
SOLAR JAVIERA,Raw,Rn,pearson,0.7263943355855943,Hourly
SOLAR LA SILLA,Raw,Rn,pearson,0.7649342079317288,Hourly
SOLAR LAS TERRAZAS,Raw,Rn,pearson,0.6989106009561671,Hourly
SOLAR LLANO DE LLAMPOS,Raw,Rn,pearson,0.7829884898997361,Hourly
SOLAR PSF LOMAS COLORADAS,Raw,Rn,pearson,0.9302194695803973,Hourly
SOLAR SAN ANDRES,Raw,Rn,pearson,0.6962794138492849,Hourly
SOLAR SANTA CECILIA,Raw,Rn,pearson,0.9074462417310956,Hourly
SOLAR TECHOS ALTAMIRA,Raw,Rn,pearson,0.5531631808591856,Hourly
SPS LA HUAYCA,Raw,Rn,pearson,0.9668276716531164,Hourly
TAMBO REAL,Raw,Rn,pearson,0.7314470555260291,Hourly
TILTIL SOLAR,Raw,Rn,pearson,0.7814442426666607,Hourly
URIBE SOLAR,Raw,Rn,pearson,0.8213991543362024,Hourly
VALLE DE LA LUNA II,Raw,Rn,pearson,0.7892524711287516,Hourly
ANDES SOLAR,Raw,Rn,mbe,-0.03364286193778615,Hourly
BELLAVISTA,Raw,Rn,mbe,0.08343565612881905,Hourly
CARRERA PINTO ETAPA I,Raw,Rn,mbe,0.09980527458660522,Hourly
CHANARES,Raw,Rn,mbe,0.04459067733926155,Hourly
CONEJO SOLAR,Raw,Rn,mbe,0.002548986196618736,Hourly
CORDILLERILLA,Raw,Rn,mbe,0.01988673721318513,Hourly
EL DIVISADERO,Raw,Rn,mbe,-0.12099200430357147,Hourly
FV BOLERO,Raw,Rn,mbe,-0.03326239752504838,Hourly
LA CHAPEANA,Raw,Rn,mbe,-0.007122844013466448,Hourly
LA QUINTA SOLAR,Raw,Rn,mbe,-0.028896031156553075,Hourly
LALACKAMA,Raw,Rn,mbe,-0.002623045254998732,Hourly
LALACKAMA 2,Raw,Rn,mbe,0.004623923452369461,Hourly
LAS ARAUCARIAS,Raw,Rn,mbe,0.11031913766401401,Hourly
LAS MOLLACAS,Raw,Rn,mbe,0.049628462594722436,Hourly
LAS TURCAS,Raw,Rn,mbe,-0.038328007029788384,Hourly
LOS PUQUIOS,Raw,Rn,mbe,0.11234637632744833,Hourly
LUNA DEL NORTE,Raw,Rn,mbe,0.05025231548246501,Hourly
LUZ DEL NORTE,Raw,Rn,mbe,0.029179025841990145,Hourly
MARIA ELENA FV,Raw,Rn,mbe,-0.10450742119370378,Hourly
PAMPA SOLAR NORTE,Raw,Rn,mbe,-0.02697439243086014,Hourly
PARQUE SOLAR CUZ CUZ,Raw,Rn,mbe,0.02504929340663897,Hourly
PARQUE SOLAR FINIS TERRAE,Raw,Rn,mbe,-0.030397746406099706,Hourly
PARQUE SOLAR PAMPA CAMARONES,Raw,Rn,mbe,-0.06967720801382354,Hourly
PFV LAGUNILLA,Raw,Rn,mbe,-0.03762230981786991,Hourly
PFV LOS LOROS,Raw,Rn,mbe,0.09191056462866576,Hourly
PILOTO SOLAR CARDONES,Raw,Rn,mbe,0.16342356369691982,Hourly
PLANTA PV CERRO DOMINADOR,Raw,Rn,mbe,-0.07456996446968067,Hourly
PMGD PICA PILOT,Raw,Rn,mbe,0.35595086337369763,Hourly
PUERTO SECO SOLAR,Raw,Rn,mbe,-0.18377766680813565,Hourly
PV SALVADOR,Raw,Rn,mbe,-0.023792779580014443,Hourly
QUILAPILUN,Raw,Rn,mbe,0.05758690418909696,Hourly
SAN FRANCISCO SOLAR,Raw,Rn,mbe,-0.02567959913347616,Hourly
SANTA JULIA,Raw,Rn,mbe,-0.028987275820970337,Hourly
SDGX01,Raw,Rn,mbe,0.026770612353771997,Hourly
SOL DEL NORTE,Raw,Rn,mbe,0.04676007869850456,Hourly
SOLAR ANTAY,Raw,Rn,mbe,-0.0737967660519065,Hourly
SOLAR CHUCHINI,Raw,Rn,mbe,0.06402424601287098,Hourly
SOLAR DIEGO DE ALMAGRO,Raw,Rn,mbe,0.12842621814237504,Hourly
SOLAR EL AGUILA I,Raw,Rn,mbe,0.0592150026799732,Hourly
SOLAR EL ROMERO,Raw,Rn,mbe,0.14610033295192296,Hourly
SOLAR ESPERANZA,Raw,Rn,mbe,0.08920026231847572,Hourly
SOLAR HORMIGA,Raw,Rn,mbe,0.1045163432605149,Hourly
SOLAR JAMA 1,Raw,Rn,mbe,-0.12424738311078967,Hourly
SOLAR JAMA 2,Raw,Rn,mbe,-0.07950926322961542,Hourly
SOLAR JAVIERA,Raw,Rn,mbe,0.020677887629416948,Hourly
SOLAR LA SILLA,Raw,Rn,mbe,-0.023269349118456677,Hourly
SOLAR LAS TERRAZAS,Raw,Rn,mbe,0.07834946923690854,Hourly
SOLAR LLANO DE LLAMPOS,Raw,Rn,mbe,-0.052860496924813885,Hourly
SOLAR PSF LOMAS COLORADAS,Raw,Rn,mbe,0.041914827507447884,Hourly
SOLAR SAN ANDRES,Raw,Rn,mbe,0.09027783858564044,Hourly
SOLAR SANTA CECILIA,Raw,Rn,mbe,0.03484472454459064,Hourly
SOLAR TECHOS ALTAMIRA,Raw,Rn,mbe,0.1594196599020715,Hourly
SPS LA HUAYCA,Raw,Rn,mbe,0.006105972251746701,Hourly
TAMBO REAL,Raw,Rn,mbe,0.14472951533415174,Hourly
TILTIL SOLAR,Raw,Rn,mbe,-0.02148565301957736,Hourly
URIBE SOLAR,Raw,Rn,mbe,-0.15072131173088532,Hourly
VALLE DE LA LUNA II,Raw,Rn,mbe,-0.0054432051783860685,Hourly
ANDES SOLAR,Raw,Rn,rmse,0.19969073336296966,Hourly
BELLAVISTA,Raw,Rn,rmse,0.22420929055755787,Hourly
CARRERA PINTO ETAPA I,Raw,Rn,rmse,0.2903497085118491,Hourly
CHANARES,Raw,Rn,rmse,0.21836751178629946,Hourly
CONEJO SOLAR,Raw,Rn,rmse,0.25100297153023104,Hourly
CORDILLERILLA,Raw,Rn,rmse,0.21935702708934626,Hourly
EL DIVISADERO,Raw,Rn,rmse,0.2684264577657373,Hourly
FV BOLERO,Raw,Rn,rmse,0.20148246990596533,Hourly
LA CHAPEANA,Raw,Rn,rmse,0.21650822964484007,Hourly
LA QUINTA SOLAR,Raw,Rn,rmse,0.22391992239576156,Hourly
LALACKAMA,Raw,Rn,rmse,0.2307826922179605,Hourly
LALACKAMA 2,Raw,Rn,rmse,0.23517369430948706,Hourly
LAS ARAUCARIAS,Raw,Rn,rmse,0.21800273229982,Hourly
LAS MOLLACAS,Raw,Rn,rmse,0.17666516548962438,Hourly
LAS TURCAS,Raw,Rn,rmse,0.2428179825398468,Hourly
LOS PUQUIOS,Raw,Rn,rmse,0.20339807796523965,Hourly
LUNA DEL NORTE,Raw,Rn,rmse,0.12863044589508715,Hourly
LUZ DEL NORTE,Raw,Rn,rmse,0.2671215108515828,Hourly
MARIA ELENA FV,Raw,Rn,rmse,0.20584924184976836,Hourly
PAMPA SOLAR NORTE,Raw,Rn,rmse,0.25071320555117826,Hourly
PARQUE SOLAR CUZ CUZ,Raw,Rn,rmse,0.19552847406035007,Hourly
PARQUE SOLAR FINIS TERRAE,Raw,Rn,rmse,0.2200994684381468,Hourly
PARQUE SOLAR PAMPA CAMARONES,Raw,Rn,rmse,0.2015328627087782,Hourly
PFV LAGUNILLA,Raw,Rn,rmse,0.2256337007951209,Hourly
PFV LOS LOROS,Raw,Rn,rmse,0.20386784688633397,Hourly
PILOTO SOLAR CARDONES,Raw,Rn,rmse,0.2789671626654856,Hourly
PLANTA PV CERRO DOMINADOR,Raw,Rn,rmse,0.2324057876407273,Hourly
PMGD PICA PILOT,Raw,Rn,rmse,0.4307010976298761,Hourly
PUERTO SECO SOLAR,Raw,Rn,rmse,0.27280327577422364,Hourly
PV SALVADOR,Raw,Rn,rmse,0.2367480066246631,Hourly
QUILAPILUN,Raw,Rn,rmse,0.22416903521732687,Hourly
SAN FRANCISCO SOLAR,Raw,Rn,rmse,0.22705204920876074,Hourly
SANTA JULIA,Raw,Rn,rmse,0.21945276290202165,Hourly
SDGX01,Raw,Rn,rmse,0.16170818385980745,Hourly
SOL DEL NORTE,Raw,Rn,rmse,0.12958789692195685,Hourly
SOLAR ANTAY,Raw,Rn,rmse,0.1646416987529812,Hourly
SOLAR CHUCHINI,Raw,Rn,rmse,0.142401134958647,Hourly
SOLAR DIEGO DE ALMAGRO,Raw,Rn,rmse,0.22254032925114264,Hourly
SOLAR EL AGUILA I,Raw,Rn,rmse,0.15662161448978648,Hourly
SOLAR EL ROMERO,Raw,Rn,rmse,0.2494035559798771,Hourly
SOLAR ESPERANZA,Raw,Rn,rmse,0.15224401327558554,Hourly
SOLAR HORMIGA,Raw,Rn,rmse,0.20544622724098185,Hourly
SOLAR JAMA 1,Raw,Rn,rmse,0.2341920965654955,Hourly
SOLAR JAMA 2,Raw,Rn,rmse,0.2098386436215509,Hourly
SOLAR JAVIERA,Raw,Rn,rmse,0.22849430357944456,Hourly
SOLAR LA SILLA,Raw,Rn,rmse,0.2066485412161813,Hourly
SOLAR LAS TERRAZAS,Raw,Rn,rmse,0.26580613652994545,Hourly
SOLAR LLANO DE LLAMPOS,Raw,Rn,rmse,0.2100303597420736,Hourly
SOLAR PSF LOMAS COLORADAS,Raw,Rn,rmse,0.12253587825501035,Hourly
SOLAR SAN ANDRES,Raw,Rn,rmse,0.24977581901827395,Hourly
SOLAR SANTA CECILIA,Raw,Rn,rmse,0.13569490835164014,Hourly
SOLAR TECHOS ALTAMIRA,Raw,Rn,rmse,0.3174377885959523,Hourly
SPS LA HUAYCA,Raw,Rn,rmse,0.0807970690448146,Hourly
TAMBO REAL,Raw,Rn,rmse,0.2602870384918033,Hourly
TILTIL SOLAR,Raw,Rn,rmse,0.21592613123278512,Hourly
URIBE SOLAR,Raw,Rn,rmse,0.24960593639635464,Hourly
VALLE DE LA LUNA II,Raw,Rn,rmse,0.20898974784731206,Hourly
ANDES SOLAR,Raw,Rn,pearson,0.3856286434498915,Daily
BELLAVISTA,Raw,Rn,pearson,0.5213500342739028,Daily
CARRERA PINTO ETAPA I,Raw,Rn,pearson,0.2433138198739269,Daily
CHANARES,Raw,Rn,pearson,0.3214236822946765,Daily
CONEJO SOLAR,Raw,Rn,pearson,0.36733100071570735,Daily
CORDILLERILLA,Raw,Rn,pearson,0.6690333551688753,Daily
EL DIVISADERO,Raw,Rn,pearson,0.5608895840016079,Daily
FV BOLERO,Raw,Rn,pearson,0.36738785044619976,Daily
LA CHAPEANA,Raw,Rn,pearson,0.5768951906900358,Daily
LA QUINTA SOLAR,Raw,Rn,pearson,0.5170388856529814,Daily
LALACKAMA,Raw,Rn,pearson,0.4564610104029002,Daily
LALACKAMA 2,Raw,Rn,pearson,0.3978367279460339,Daily
LAS ARAUCARIAS,Raw,Rn,pearson,0.5883999221658479,Daily
LAS MOLLACAS,Raw,Rn,pearson,0.6167995091584048,Daily
LAS TURCAS,Raw,Rn,pearson,0.6333196577916564,Daily
LOS PUQUIOS,Raw,Rn,pearson,0.3428256655682996,Daily
LUNA DEL NORTE,Raw,Rn,pearson,0.7361101199554853,Daily
LUZ DEL NORTE,Raw,Rn,pearson,0.21973440372530248,Daily
MARIA ELENA FV,Raw,Rn,pearson,0.394774488579308,Daily
PAMPA SOLAR NORTE,Raw,Rn,pearson,0.35063421294373104,Daily
PARQUE SOLAR CUZ CUZ,Raw,Rn,pearson,0.606645190388866,Daily
PARQUE SOLAR FINIS TERRAE,Raw,Rn,pearson,0.29216503499921503,Daily
PARQUE SOLAR PAMPA CAMARONES,Raw,Rn,pearson,0.5187321464409169,Daily
PFV LAGUNILLA,Raw,Rn,pearson,0.5693127476272096,Daily
PFV LOS LOROS,Raw,Rn,pearson,0.8481656347326575,Daily
PILOTO SOLAR CARDONES,Raw,Rn,pearson,0.0835245376886503,Daily
PLANTA PV CERRO DOMINADOR,Raw,Rn,pearson,0.033507935293850405,Daily
PMGD PICA PILOT,Raw,Rn,pearson,0.19280150587289285,Daily
PUERTO SECO SOLAR,Raw,Rn,pearson,0.4162044104436808,Daily
PV SALVADOR,Raw,Rn,pearson,0.3659764377354546,Daily
QUILAPILUN,Raw,Rn,pearson,0.4803756251860928,Daily
SAN FRANCISCO SOLAR,Raw,Rn,pearson,0.5063746103466045,Daily
SANTA JULIA,Raw,Rn,pearson,0.6557639951861423,Daily
SDGX01,Raw,Rn,pearson,0.3972623577583472,Daily
SOL DEL NORTE,Raw,Rn,pearson,0.7200079437157783,Daily
SOLAR ANTAY,Raw,Rn,pearson,0.4354995331838051,Daily
SOLAR CHUCHINI,Raw,Rn,pearson,0.7033805063642318,Daily
SOLAR DIEGO DE ALMAGRO,Raw,Rn,pearson,0.21836425533868128,Daily
SOLAR EL AGUILA I,Raw,Rn,pearson,0.2476232782266587,Daily
SOLAR EL ROMERO,Raw,Rn,pearson,0.3729515218149709,Daily
SOLAR ESPERANZA,Raw,Rn,pearson,0.5499325233659599,Daily
SOLAR HORMIGA,Raw,Rn,pearson,0.4859652987987173,Daily
SOLAR JAMA 1,Raw,Rn,pearson,0.4590633010773136,Daily
SOLAR JAMA 2,Raw,Rn,pearson,0.4357414148082797,Daily
SOLAR JAVIERA,Raw,Rn,pearson,0.3796025343788556,Daily
SOLAR LA SILLA,Raw,Rn,pearson,0.5036331989254152,Daily
SOLAR LAS TERRAZAS,Raw,Rn,pearson,-0.16511461198492072,Daily
SOLAR LLANO DE LLAMPOS,Raw,Rn,pearson,0.450603657397486,Daily
SOLAR PSF LOMAS COLORADAS,Raw,Rn,pearson,0.7847199445063495,Daily
SOLAR SAN ANDRES,Raw,Rn,pearson,0.3211869498536255,Daily
SOLAR SANTA CECILIA,Raw,Rn,pearson,0.6942630631275171,Daily
SOLAR TECHOS ALTAMIRA,Raw,Rn,pearson,0.11523494353405815,Daily
SPS LA HUAYCA,Raw,Rn,pearson,0.7677312383769251,Daily
TAMBO REAL,Raw,Rn,pearson,0.10111575474021953,Daily
TILTIL SOLAR,Raw,Rn,pearson,0.61583332820532,Daily
URIBE SOLAR,Raw,Rn,pearson,0.5567254930820201,Daily
VALLE DE LA LUNA II,Raw,Rn,pearson,0.6083080163046988,Daily
ANDES SOLAR,Raw,Rn,mbe,-0.025927473583093184,Daily
BELLAVISTA,Raw,Rn,mbe,0.1006242774566474,Daily
CARRERA PINTO ETAPA I,Raw,Rn,mbe,0.1075468550592525,Daily
CHANARES,Raw,Rn,mbe,0.05116482240437157,Daily
CONEJO SOLAR,Raw,Rn,mbe,0.011739702760084923,Daily
CORDILLERILLA,Raw,Rn,mbe,0.03217771260997067,Daily
EL DIVISADERO,Raw,Rn,mbe,-0.12011786666666666,Daily
FV BOLERO,Raw,Rn,mbe,-0.024898673300165836,Daily
LA CHAPEANA,Raw,Rn,mbe,0.0028635160680529283,Daily
LA QUINTA SOLAR,Raw,Rn,mbe,-0.01387933194154489,Daily
LALACKAMA,Raw,Rn,mbe,6.800835654596096e-4,Daily
LALACKAMA 2,Raw,Rn,mbe,0.00818616144975288,Daily
LAS ARAUCARIAS,Raw,Rn,mbe,0.12074113475177305,Daily
LAS MOLLACAS,Raw,Rn,mbe,0.05287732342007435,Daily
LAS TURCAS,Raw,Rn,mbe,-0.02509610983981694,Daily
LOS PUQUIOS,Raw,Rn,mbe,0.11210315955766192,Daily
LUNA DEL NORTE,Raw,Rn,mbe,0.053601886792452834,Daily
LUZ DEL NORTE,Raw,Rn,mbe,0.03964633744855967,Daily
MARIA ELENA FV,Raw,Rn,mbe,-0.0980932296431839,Daily
PAMPA SOLAR NORTE,Raw,Rn,mbe,-0.01999551345962114,Daily
PARQUE SOLAR CUZ CUZ,Raw,Rn,mbe,0.03466327433628318,Daily
PARQUE SOLAR FINIS TERRAE,Raw,Rn,mbe,-0.02552758936755271,Daily
PARQUE SOLAR PAMPA CAMARONES,Raw,Rn,mbe,-0.06468014477766287,Daily
PFV LAGUNILLA,Raw,Rn,mbe,-0.025734519104084325,Daily
PFV LOS LOROS,Raw,Rn,mbe,0.0963412972972973,Daily
PILOTO SOLAR CARDONES,Raw,Rn,mbe,0.19239896602658788,Daily
PLANTA PV CERRO DOMINADOR,Raw,Rn,mbe,-0.06781641221374045,Daily
PMGD PICA PILOT,Raw,Rn,mbe,0.3486672131147541,Daily
PUERTO SECO SOLAR,Raw,Rn,mbe,-0.1767106032906764,Daily
PV SALVADOR,Raw,Rn,mbe,-0.016279169503063313,Daily
QUILAPILUN,Raw,Rn,mbe,0.07011227272727273,Daily
SAN FRANCISCO SOLAR,Raw,Rn,mbe,-0.011973695198329859,Daily
SANTA JULIA,Raw,Rn,mbe,-0.015908517350157726,Daily
SDGX01,Raw,Rn,mbe,0.03790337995337995,Daily
SOL DEL NORTE,Raw,Rn,mbe,0.05001280918727916,Daily
SOLAR ANTAY,Raw,Rn,mbe,-0.06970558035714285,Daily
SOLAR CHUCHINI,Raw,Rn,mbe,0.07015756880733945,Daily
SOLAR DIEGO DE ALMAGRO,Raw,Rn,mbe,0.1380384990848078,Daily
SOLAR EL AGUILA I,Raw,Rn,mbe,0.0617330593607306,Daily
SOLAR EL ROMERO,Raw,Rn,mbe,0.14765252263906856,Daily
SOLAR ESPERANZA,Raw,Rn,mbe,0.08991065651760229,Daily
SOLAR HORMIGA,Raw,Rn,mbe,0.1099473829201102,Daily
SOLAR JAMA 1,Raw,Rn,mbe,-0.11763555758683727,Daily
SOLAR JAMA 2,Raw,Rn,mbe,-0.0727720821661998,Daily
SOLAR JAVIERA,Raw,Rn,mbe,0.026154214285714284,Daily
SOLAR LA SILLA,Raw,Rn,mbe,-0.009970030895983528,Daily
SOLAR LAS TERRAZAS,Raw,Rn,mbe,0.14507424657534246,Daily
SOLAR LLANO DE LLAMPOS,Raw,Rn,mbe,-0.04407344789356985,Daily
SOLAR PSF LOMAS COLORADAS,Raw,Rn,mbe,0.04459467821782178,Daily
SOLAR SAN ANDRES,Raw,Rn,mbe,0.09321299597469808,Daily
SOLAR SANTA CECILIA,Raw,Rn,mbe,0.036268761220825854,Daily
SOLAR TECHOS ALTAMIRA,Raw,Rn,mbe,0.19109346049046325,Daily
SPS LA HUAYCA,Raw,Rn,mbe,0.006986184812442819,Daily
TAMBO REAL,Raw,Rn,mbe,0.156047403210576,Daily
TILTIL SOLAR,Raw,Rn,mbe,-0.0076943584070796435,Daily
URIBE SOLAR,Raw,Rn,mbe,-0.1404828451882845,Daily
VALLE DE LA LUNA II,Raw,Rn,mbe,0.005902070393374746,Daily
ANDES SOLAR,Raw,Rn,rmse,0.11403351037722607,Daily
BELLAVISTA,Raw,Rn,rmse,0.18770745126423616,Daily
CARRERA PINTO ETAPA I,Raw,Rn,rmse,0.2019048065137269,Daily
CHANARES,Raw,Rn,rmse,0.14168841052192488,Daily
CONEJO SOLAR,Raw,Rn,rmse,0.15569494617125385,Daily
CORDILLERILLA,Raw,Rn,rmse,0.15999840789163886,Daily
EL DIVISADERO,Raw,Rn,rmse,0.18689751487557735,Daily
FV BOLERO,Raw,Rn,rmse,0.13363008674291407,Daily
LA CHAPEANA,Raw,Rn,rmse,0.12597799512295188,Daily
LA QUINTA SOLAR,Raw,Rn,rmse,0.15387963208008493,Daily
LALACKAMA,Raw,Rn,rmse,0.11387417872102168,Daily
LALACKAMA 2,Raw,Rn,rmse,0.1146744418395077,Daily
LAS ARAUCARIAS,Raw,Rn,rmse,0.17246841489709308,Daily
LAS MOLLACAS,Raw,Rn,rmse,0.10823764865960732,Daily
LAS TURCAS,Raw,Rn,rmse,0.15571020639407696,Daily
LOS PUQUIOS,Raw,Rn,rmse,0.16009431249783615,Daily
LUNA DEL NORTE,Raw,Rn,rmse,0.09364650413042153,Daily
LUZ DEL NORTE,Raw,Rn,rmse,0.16521436238745907,Daily
MARIA ELENA FV,Raw,Rn,rmse,0.13462861569092407,Daily
PAMPA SOLAR NORTE,Raw,Rn,rmse,0.1474579194751918,Daily
PARQUE SOLAR CUZ CUZ,Raw,Rn,rmse,0.128402096755962,Daily
PARQUE SOLAR FINIS TERRAE,Raw,Rn,rmse,0.1549182615855394,Daily
PARQUE SOLAR PAMPA CAMARONES,Raw,Rn,rmse,0.1296087176058034,Daily
PFV LAGUNILLA,Raw,Rn,rmse,0.15395208291540616,Daily
PFV LOS LOROS,Raw,Rn,rmse,0.14319480765914852,Daily
PILOTO SOLAR CARDONES,Raw,Rn,rmse,0.2678513137501769,Daily
PLANTA PV CERRO DOMINADOR,Raw,Rn,rmse,0.16364073663676446,Daily
PMGD PICA PILOT,Raw,Rn,rmse,0.3710885133685741,Daily
PUERTO SECO SOLAR,Raw,Rn,rmse,0.20384884724435387,Daily
PV SALVADOR,Raw,Rn,rmse,0.12850969658779238,Daily
QUILAPILUN,Raw,Rn,rmse,0.1729465178103545,Daily
SAN FRANCISCO SOLAR,Raw,Rn,rmse,0.15979673845245326,Daily
SANTA JULIA,Raw,Rn,rmse,0.1424558984646149,Daily
SDGX01,Raw,Rn,rmse,0.13069119606769128,Daily
SOL DEL NORTE,Raw,Rn,rmse,0.09361624257872296,Daily
SOLAR ANTAY,Raw,Rn,rmse,0.10639003891090693,Daily
SOLAR CHUCHINI,Raw,Rn,rmse,0.1110486089739348,Daily
SOLAR DIEGO DE ALMAGRO,Raw,Rn,rmse,0.19464788087462206,Daily
SOLAR EL AGUILA I,Raw,Rn,rmse,0.1287507236846266,Daily
SOLAR EL ROMERO,Raw,Rn,rmse,0.1916905273259328,Daily
SOLAR ESPERANZA,Raw,Rn,rmse,0.12068317814096385,Daily
SOLAR HORMIGA,Raw,Rn,rmse,0.1679611872225936,Daily
SOLAR JAMA 1,Raw,Rn,rmse,0.1514877428205427,Daily
SOLAR JAMA 2,Raw,Rn,rmse,0.11991797932214285,Daily
SOLAR JAVIERA,Raw,Rn,rmse,0.1262941938774022,Daily
SOLAR LA SILLA,Raw,Rn,rmse,0.1370485732936048,Daily
SOLAR LAS TERRAZAS,Raw,Rn,rmse,0.3158513561874944,Daily
SOLAR LLANO DE LLAMPOS,Raw,Rn,rmse,0.12574681428434184,Daily
SOLAR PSF LOMAS COLORADAS,Raw,Rn,rmse,0.0877596532164597,Daily
SOLAR SAN ANDRES,Raw,Rn,rmse,0.17829956629826854,Daily
SOLAR SANTA CECILIA,Raw,Rn,rmse,0.0884616270898563,Daily
SOLAR TECHOS ALTAMIRA,Raw,Rn,rmse,0.2781338170080865,Daily
SPS LA HUAYCA,Raw,Rn,rmse,0.05011783470882585,Daily
TAMBO REAL,Raw,Rn,rmse,0.2263511307897988,Daily
TILTIL SOLAR,Raw,Rn,rmse,0.13664555187544575,Daily
URIBE SOLAR,Raw,Rn,rmse,0.17990474862383665,Daily
VALLE DE LA LUNA II,Raw,Rn,rmse,0.14076724449300415,Daily
ANDES SOLAR,Raw,Rn,pearson,0.18260903247617255,Monthly
BELLAVISTA,Raw,Rn,pearson,0.4737149386284956,Monthly
CARRERA PINTO ETAPA I,Raw,Rn,pearson,0.13001035293523458,Monthly
CHANARES,Raw,Rn,pearson,0.24663714497061626,Monthly
CONEJO SOLAR,Raw,Rn,pearson,0.4052027065581218,Monthly
CORDILLERILLA,Raw,Rn,pearson,0.6829758445102668,Monthly
EL DIVISADERO,Raw,Rn,pearson,0.4105636510402649,Monthly
FV BOLERO,Raw,Rn,pearson,0.09228805454474932,Monthly
LA CHAPEANA,Raw,Rn,pearson,0.6399104173696321,Monthly
LA QUINTA SOLAR,Raw,Rn,pearson,0.3740904233962909,Monthly
LALACKAMA,Raw,Rn,pearson,0.42935133335853243,Monthly
LALACKAMA 2,Raw,Rn,pearson,0.4038092726698749,Monthly
LAS ARAUCARIAS,Raw,Rn,pearson,0.6927696521494576,Monthly
LAS MOLLACAS,Raw,Rn,pearson,0.8472018823858772,Monthly
LAS TURCAS,Raw,Rn,pearson,0.7347724882009252,Monthly
LOS PUQUIOS,Raw,Rn,pearson,0.01890938522914959,Monthly
LUNA DEL NORTE,Raw,Rn,pearson,0.8357163670703167,Monthly
LUZ DEL NORTE,Raw,Rn,pearson,-0.045071408459974205,Monthly
MARIA ELENA FV,Raw,Rn,pearson,0.0659643360956049,Monthly
PAMPA SOLAR NORTE,Raw,Rn,pearson,0.0629242274180819,Monthly
PARQUE SOLAR CUZ CUZ,Raw,Rn,pearson,0.6331382044655874,Monthly
PARQUE SOLAR FINIS TERRAE,Raw,Rn,pearson,0.15602133365342086,Monthly
PARQUE SOLAR PAMPA CAMARONES,Raw,Rn,pearson,0.4996722745033316,Monthly
PFV LAGUNILLA,Raw,Rn,pearson,0.6320093585786348,Monthly
PFV LOS LOROS,Raw,Rn,pearson,0.8983505392057541,Monthly
PILOTO SOLAR CARDONES,Raw,Rn,pearson,0.1839750053214481,Monthly
PLANTA PV CERRO DOMINADOR,Raw,Rn,pearson,-0.29726016659956844,Monthly
PMGD PICA PILOT,Raw,Rn,pearson,0.2247742450651223,Monthly
PUERTO SECO SOLAR,Raw,Rn,pearson,0.15590712722845634,Monthly
PV SALVADOR,Raw,Rn,pearson,0.0474390776019471,Monthly
QUILAPILUN,Raw,Rn,pearson,0.12849877983311692,Monthly
SAN FRANCISCO SOLAR,Raw,Rn,pearson,0.4447612153288005,Monthly
SANTA JULIA,Raw,Rn,pearson,0.7533239705670444,Monthly
SDGX01,Raw,Rn,pearson,0.5432974010265708,Monthly
SOL DEL NORTE,Raw,Rn,pearson,0.8461496749578107,Monthly
SOLAR ANTAY,Raw,Rn,pearson,-0.3939729258640379,Monthly
SOLAR CHUCHINI,Raw,Rn,pearson,0.7375020711269841,Monthly
SOLAR DIEGO DE ALMAGRO,Raw,Rn,pearson,-0.1129717678710927,Monthly
SOLAR EL AGUILA I,Raw,Rn,pearson,-0.031074713454037138,Monthly
SOLAR EL ROMERO,Raw,Rn,pearson,0.30710280822589736,Monthly
SOLAR ESPERANZA,Raw,Rn,pearson,0.5169903116831539,Monthly
SOLAR HORMIGA,Raw,Rn,pearson,-0.11726932934517592,Monthly
SOLAR JAMA 1,Raw,Rn,pearson,-0.012314437674336962,Monthly
SOLAR JAMA 2,Raw,Rn,pearson,0.055023864030065935,Monthly
SOLAR JAVIERA,Raw,Rn,pearson,0.2979493788005074,Monthly
SOLAR LA SILLA,Raw,Rn,pearson,0.3561343724081378,Monthly
SOLAR LAS TERRAZAS,Raw,Rn,pearson,-0.5929654980845105,Monthly
SOLAR LLANO DE LLAMPOS,Raw,Rn,pearson,0.2738215200794524,Monthly
SOLAR PSF LOMAS COLORADAS,Raw,Rn,pearson,0.8227447933690719,Monthly
SOLAR SAN ANDRES,Raw,Rn,pearson,0.19705342031656586,Monthly
SOLAR SANTA CECILIA,Raw,Rn,pearson,0.8961045415343085,Monthly
SOLAR TECHOS ALTAMIRA,Raw,Rn,pearson,-0.3500490409423756,Monthly
SPS LA HUAYCA,Raw,Rn,pearson,0.9279866046093306,Monthly
TAMBO REAL,Raw,Rn,pearson,-0.2816731320359269,Monthly
TILTIL SOLAR,Raw,Rn,pearson,0.5924079002033371,Monthly
URIBE SOLAR,Raw,Rn,pearson,0.1451995638580669,Monthly
VALLE DE LA LUNA II,Raw,Rn,pearson,0.6176257942426144,Monthly
ANDES SOLAR,Raw,Rn,mbe,-0.02518571428571428,Monthly
BELLAVISTA,Raw,Rn,mbe,0.109265625,Monthly
CARRERA PINTO ETAPA I,Raw,Rn,mbe,0.1165945945945946,Monthly
CHANARES,Raw,Rn,mbe,0.05166530612244898,Monthly
CONEJO SOLAR,Raw,Rn,mbe,0.011778125000000014,Monthly
CORDILLERILLA,Raw,Rn,mbe,0.03805,Monthly
EL DIVISADERO,Raw,Rn,mbe,-0.11667142857142855,Monthly
FV BOLERO,Raw,Rn,mbe,-0.013909090909090888,Monthly
LA CHAPEANA,Raw,Rn,mbe,0.0038138888888888845,Monthly
LA QUINTA SOLAR,Raw,Rn,mbe,-0.01597499999999999,Monthly
LALACKAMA,Raw,Rn,mbe,-4.958333333333341e-4,Monthly
LALACKAMA 2,Raw,Rn,mbe,0.005754761904761907,Monthly
LAS ARAUCARIAS,Raw,Rn,mbe,0.1157066666666667,Monthly
LAS MOLLACAS,Raw,Rn,mbe,0.052038888888888885,Monthly
LAS TURCAS,Raw,Rn,mbe,-0.03122666666666668,Monthly
LOS PUQUIOS,Raw,Rn,mbe,0.11175416666666667,Monthly
LUNA DEL NORTE,Raw,Rn,mbe,0.054604999999999994,Monthly
LUZ DEL NORTE,Raw,Rn,mbe,0.055916279069767434,Monthly
MARIA ELENA FV,Raw,Rn,mbe,-0.09821388888888888,Monthly
PAMPA SOLAR NORTE,Raw,Rn,mbe,-0.008694117647058831,Monthly
PARQUE SOLAR CUZ CUZ,Raw,Rn,mbe,0.03170666666666668,Monthly
PARQUE SOLAR FINIS TERRAE,Raw,Rn,mbe,-0.024063888888888888,Monthly
PARQUE SOLAR PAMPA CAMARONES,Raw,Rn,mbe,-0.06545937499999999,Monthly
PFV LAGUNILLA,Raw,Rn,mbe,-0.0258888888888889,Monthly
PFV LOS LOROS,Raw,Rn,mbe,0.10263225806451616,Monthly
PILOTO SOLAR CARDONES,Raw,Rn,mbe,0.1787434782608695,Monthly
PLANTA PV CERRO DOMINADOR,Raw,Rn,mbe,-0.04722777777777777,Monthly
PMGD PICA PILOT,Raw,Rn,mbe,0.3528625000000001,Monthly
PUERTO SECO SOLAR,Raw,Rn,mbe,-0.17726111111111112,Monthly
PV SALVADOR,Raw,Rn,mbe,-9.960784313725504e-4,Monthly
QUILAPILUN,Raw,Rn,mbe,0.08185666666666667,Monthly
SAN FRANCISCO SOLAR,Raw,Rn,mbe,-0.015068750000000013,Monthly
SANTA JULIA,Raw,Rn,mbe,-0.01703750000000001,Monthly
SDGX01,Raw,Rn,mbe,0.025474193548387092,Monthly
SOL DEL NORTE,Raw,Rn,mbe,0.047971794871794884,Monthly
SOLAR ANTAY,Raw,Rn,mbe,-0.03066666666666667,Monthly
SOLAR CHUCHINI,Raw,Rn,mbe,0.06910333333333332,Monthly
SOLAR DIEGO DE ALMAGRO,Raw,Rn,mbe,0.14671250000000002,Monthly
SOLAR EL AGUILA I,Raw,Rn,mbe,0.060863888888888884,Monthly
SOLAR EL ROMERO,Raw,Rn,mbe,0.1498576923076923,Monthly
SOLAR ESPERANZA,Raw,Rn,mbe,0.08774594594594594,Monthly
SOLAR HORMIGA,Raw,Rn,mbe,0.121756,Monthly
SOLAR JAMA 1,Raw,Rn,mbe,-0.11808055555555555,Monthly
SOLAR JAMA 2,Raw,Rn,mbe,-0.06782777777777776,Monthly
SOLAR JAVIERA,Raw,Rn,mbe,0.03158125,Monthly
SOLAR LA SILLA,Raw,Rn,mbe,-3.3939393939393564e-4,Monthly
SOLAR LAS TERRAZAS,Raw,Rn,mbe,0.14452708333333333,Monthly
SOLAR LLANO DE LLAMPOS,Raw,Rn,mbe,-0.04267666666666668,Monthly
SOLAR PSF LOMAS COLORADAS,Raw,Rn,mbe,0.044181481481481474,Monthly
SOLAR SAN ANDRES,Raw,Rn,mbe,0.09549322033898304,Monthly
SOLAR SANTA CECILIA,Raw,Rn,mbe,0.03478947368421054,Monthly
SOLAR TECHOS ALTAMIRA,Raw,Rn,mbe,0.1977703703703704,Monthly
SPS LA HUAYCA,Raw,Rn,mbe,0.006258333333333324,Monthly
TAMBO REAL,Raw,Rn,mbe,0.14952105263157894,Monthly
TILTIL SOLAR,Raw,Rn,mbe,-0.0099258064516129,Monthly
URIBE SOLAR,Raw,Rn,mbe,-0.14427916666666665,Monthly
VALLE DE LA LUNA II,Raw,Rn,mbe,0.004556249999999991,Monthly
ANDES SOLAR,Raw,Rn,rmse,0.09216947898921236,Monthly
BELLAVISTA,Raw,Rn,rmse,0.1667182737809506,Monthly
CARRERA PINTO ETAPA I,Raw,Rn,rmse,0.19823995560935745,Monthly
CHANARES,Raw,Rn,rmse,0.1097726648997084,Monthly
CONEJO SOLAR,Raw,Rn,rmse,0.11694571791006288,Monthly
CORDILLERILLA,Raw,Rn,rmse,0.11326964933969938,Monthly
EL DIVISADERO,Raw,Rn,rmse,0.14573623434136068,Monthly
FV BOLERO,Raw,Rn,rmse,0.1213309748355524,Monthly
LA CHAPEANA,Raw,Rn,rmse,0.08672490190891605,Monthly
LA QUINTA SOLAR,Raw,Rn,rmse,0.1138520695903241,Monthly
LALACKAMA,Raw,Rn,rmse,0.0700102462739086,Monthly
LALACKAMA 2,Raw,Rn,rmse,0.06854587792823416,Monthly
LAS ARAUCARIAS,Raw,Rn,rmse,0.13850292897023272,Monthly
LAS MOLLACAS,Raw,Rn,rmse,0.059758411774224536,Monthly
LAS TURCAS,Raw,Rn,rmse,0.102680319438537,Monthly
LOS PUQUIOS,Raw,Rn,rmse,0.14830436468065716,Monthly
LUNA DEL NORTE,Raw,Rn,rmse,0.06464567270900659,Monthly
LUZ DEL NORTE,Raw,Rn,rmse,0.16971877833914026,Monthly
MARIA ELENA FV,Raw,Rn,rmse,0.12490315693012373,Monthly
PAMPA SOLAR NORTE,Raw,Rn,rmse,0.13220149727727346,Monthly
PARQUE SOLAR CUZ CUZ,Raw,Rn,rmse,0.08340465214842635,Monthly
PARQUE SOLAR FINIS TERRAE,Raw,Rn,rmse,0.14635995866356344,Monthly
PARQUE SOLAR PAMPA CAMARONES,Raw,Rn,rmse,0.10067751579920912,Monthly
PFV LAGUNILLA,Raw,Rn,rmse,0.11217294187498557,Monthly
PFV LOS LOROS,Raw,Rn,rmse,0.12237691380427135,Monthly
PILOTO SOLAR CARDONES,Raw,Rn,rmse,0.2275101994846939,Monthly
PLANTA PV CERRO DOMINADOR,Raw,Rn,rmse,0.17966505719749118,Monthly
PMGD PICA PILOT,Raw,Rn,rmse,0.36680563143168893,Monthly
PUERTO SECO SOLAR,Raw,Rn,rmse,0.194654019280934,Monthly
PV SALVADOR,Raw,Rn,rmse,0.12312906507671804,Monthly
QUILAPILUN,Raw,Rn,rmse,0.16656024035365305,Monthly
SAN FRANCISCO SOLAR,Raw,Rn,rmse,0.1096301196067942,Monthly
SANTA JULIA,Raw,Rn,rmse,0.09684883840294628,Monthly
SDGX01,Raw,Rn,rmse,0.06729069580510727,Monthly
SOL DEL NORTE,Raw,Rn,rmse,0.0581542841863845,Monthly
SOLAR ANTAY,Raw,Rn,rmse,0.1115469009480367,Monthly
SOLAR CHUCHINI,Raw,Rn,rmse,0.08271752132005245,Monthly
SOLAR DIEGO DE ALMAGRO,Raw,Rn,rmse,0.19405435771968635,Monthly
SOLAR EL AGUILA I,Raw,Rn,rmse,0.11214694601280947,Monthly
SOLAR EL ROMERO,Raw,Rn,rmse,0.17880324704503034,Monthly
SOLAR ESPERANZA,Raw,Rn,rmse,0.10516349176401477,Monthly
SOLAR HORMIGA,Raw,Rn,rmse,0.1656866934910586,Monthly
SOLAR JAMA 1,Raw,Rn,rmse,0.1413896654639228,Monthly
SOLAR JAMA 2,Raw,Rn,rmse,0.10937050181226504,Monthly
SOLAR JAVIERA,Raw,Rn,rmse,0.09791329816900936,Monthly
SOLAR LA SILLA,Raw,Rn,rmse,0.11759508080826778,Monthly
SOLAR LAS TERRAZAS,Raw,Rn,rmse,0.2831733733510268,Monthly
SOLAR LLANO DE LLAMPOS,Raw,Rn,rmse,0.10763818560343724,Monthly
SOLAR PSF LOMAS COLORADAS,Raw,Rn,rmse,0.054743330390306204,Monthly
SOLAR SAN ANDRES,Raw,Rn,rmse,0.16513098806807575,Monthly
SOLAR SANTA CECILIA,Raw,Rn,rmse,0.04571044258595086,Monthly
SOLAR TECHOS ALTAMIRA,Raw,Rn,rmse,0.26663862144191425,Monthly
SPS LA HUAYCA,Raw,Rn,rmse,0.015420558067434231,Monthly
TAMBO REAL,Raw,Rn,rmse,0.1979073959416905,Monthly
TILTIL SOLAR,Raw,Rn,rmse,0.0988074357264609,Monthly
URIBE SOLAR,Raw,Rn,rmse,0.16788915614178304,Monthly
VALLE DE LA LUNA II,Raw,Rn,rmse,0.10128362713193086,Monthly
